date,city,region,tau,engagement,post,treated
2021-05-01,5,S,2.9563771787246464,15.18828239791224,0,0
2021-05-02,5,S,1.9950135193506515,40.8203180951242,0,0
2021-05-03,5,S,0.2738081941101566,34.322292291770495,0,0
2021-05-04,5,S,1.6759862082295047,96.97756472797666,0,0
2021-05-05,5,S,4.014267242990057,60.19379436250395,0,0
2021-05-06,5,S,0.0231601150230142,41.25493351274568,0,0
2021-05-07,5,S,1.667495858455721,62.24208408943264,0,0
2021-05-08,5,S,1.990843467954717,22.527703121112594,0,0
2021-05-09,5,S,2.6869780146896143,49.96393742819826,0,0
2021-05-10,5,S,4.599278082063803,66.36108892789574,0,0
2021-05-11,5,S,1.7317299718298065,54.000804861320624,0,0
2021-05-12,5,S,1.7347660094811386,46.160092058889184,0,0
2021-05-13,5,S,3.6875062405487418,99.44635500097284,0,0
2021-05-14,5,S,2.261089704449036,89.22832859340343,0,0
2021-05-15,5,S,1.1230241146999098,66.10653623434962,1,0
2021-05-16,5,S,2.262197580663467,61.24396250640545,1,0
2021-05-17,5,S,0.7042851018989993,65.85944318421257,1,0
2021-05-18,5,S,0.8819349325311165,28.118089704018992,1,0
2021-05-19,5,S,2.4918388636973985,45.56239689378867,1,0
2021-05-20,5,S,2.09462724752274,13.55135796018094,1,0
2021-05-21,5,S,4.5742295053405,52.7991433738144,1,0
2021-05-22,5,S,1.8119694955831656,58.87221255618969,1,0
2021-05-23,5,S,2.9029417513902174,30.497476249288862,1,0
2021-05-24,5,S,3.161321439597652,96.76259624489624,1,0
2021-05-25,5,S,0.0654722829416681,91.85091498435176,1,0
2021-05-26,5,S,3.317686860083553,74.99289119103153,1,0
2021-05-27,5,S,0.8901798343487571,58.00479658888264,1,0
2021-05-28,5,S,4.805351587347276,88.29722436829165,1,0
2021-05-29,5,S,0.7433136387655648,21.758710944111662,1,0
2021-05-30,5,S,2.0731206186351185,81.14588148473965,1,0
2021-05-31,5,S,0.4267483403932193,21.23387325701635,1,0
2021-06-01,5,S,4.984371259229737,81.47895962944649,1,0
2021-05-01,15,S,2.510975051656213,34.819081142622125,0,0
2021-05-02,15,S,2.976925086600219,88.93815229163701,0,0
2021-05-03,15,S,0.3353823869421374,94.9637884442858,0,0
2021-05-04,15,S,3.749802351995889,23.391637246460405,0,0
2021-05-05,15,S,1.0495279654779288,51.640804455885416,0,0
2021-05-06,15,S,4.490271447203568,98.28886403464166,0,0
2021-05-07,15,S,1.0256982024100358,53.5066692375832,0,0
2021-05-08,15,S,0.9534386033183327,87.71927702630906,0,0
2021-05-09,15,S,0.1827483392404744,62.98583699181879,0,0
2021-05-10,15,S,2.360334725549996,43.77969171276417,0,0
2021-05-11,15,S,2.824205666313082,35.72051999732832,0,0
2021-05-12,15,S,0.3285431971417618,28.290078197747853,0,0
2021-05-13,15,S,3.877638083475053,78.56183722399275,0,0
2021-05-14,15,S,2.266444173740138,44.78864561407251,0,0
2021-05-15,15,S,2.6219513466379003,56.0147915980676,1,0
2021-05-16,15,S,2.2038137346911406,54.30929320010637,1,0
2021-05-17,15,S,2.00381530437663,61.95511263098181,1,0
2021-05-18,15,S,2.7982016565410897,87.9019431062097,1,0
2021-05-19,15,S,0.7762012296535625,98.26654092250864,1,0
2021-05-20,15,S,0.9096406524763556,46.68257877164353,1,0
2021-05-21,15,S,4.3089281050675865,84.47670298956727,1,0
2021-05-22,15,S,4.7305773106681634,78.80750151892458,1,0
2021-05-23,15,S,1.8665465813987647,61.6176056310016,1,0
2021-05-24,15,S,1.353723365717769,96.04424292507396,1,0
2021-05-25,15,S,3.2199977161950786,28.04270639755625,1,0
2021-05-26,15,S,2.043670855490482,19.83377892786593,1,0
2021-05-27,15,S,0.1269317783017243,86.85657702598799,1,0
2021-05-28,15,S,0.7807629868309518,49.52348349703735,1,0
2021-05-29,15,S,3.579861144236988,86.22719687863544,1,0
2021-05-30,15,S,3.294619709550757,90.37811846758734,1,0
2021-05-31,15,S,0.1354799625174174,15.62118342571643,1,0
2021-06-01,15,S,1.109860809664747,89.51182866874547,1,0
2021-05-01,20,S,1.155373982940357,50.348714983248,0,1
2021-05-02,20,S,3.359463717993642,55.9389240103809,0,1
2021-05-03,20,S,0.0985526887718207,66.39332599838892,0,1
2021-05-04,20,S,0.5205429099228692,93.3744346057078,0,1
2021-05-05,20,S,3.999580426865947,11.720448498678763,0,1
2021-05-06,20,S,0.8927233102716681,52.91591214860354,0,1
2021-05-07,20,S,3.2637305392593734,71.89498381875046,0,1
2021-05-08,20,S,1.1909139052336326,75.04362619284056,0,1
2021-05-09,20,S,0.4972069637967258,72.32791883833971,0,1
2021-05-10,20,S,1.2158609549972703,22.09916164673097,0,1
2021-05-11,20,S,3.611334659278296,36.94560295345131,0,1
2021-05-12,20,S,4.278482340531429,42.28439728753121,0,1
2021-05-13,20,S,4.151099322834958,82.39934869115545,0,1
2021-05-14,20,S,1.9859176480922744,35.088388517309774,0,1
2021-05-15,20,S,3.3404256828532306,28.963446748048284,1,1
2021-05-16,20,S,1.0249214770791049,96.17032171342863,1,1
2021-05-17,20,S,1.4657386513050663,10.7976956602122,1,1
2021-05-18,20,S,4.481679092605599,99.80387701137803,1,1
2021-05-19,20,S,0.0650096175536801,70.9139168971656,1,1
2021-05-20,20,S,0.4275426542723404,84.56223695042054,1,1
2021-05-21,20,S,1.0394312757301365,36.51574567115738,1,1
2021-05-22,20,S,0.1326610193690985,11.2883749900354,1,1
2021-05-23,20,S,0.9071771754489866,76.40825667053771,1,1
2021-05-24,20,S,2.915207804848461,85.07301373006082,1,1
2021-05-25,20,S,2.1071227529624896,76.64285187581672,1,1
2021-05-26,20,S,4.4633585553848745,22.856525857075475,1,1
2021-05-27,20,S,4.087217808692205,77.80851300312722,1,1
2021-05-28,20,S,1.70908675848938,79.20305038968769,1,1
2021-05-29,20,S,1.2971171671564623,69.26864641030494,1,1
2021-05-30,20,S,1.8984620408363344,78.95043395160276,1,1
2021-05-31,20,S,2.9514747125740386,86.1329295709959,1,1
2021-06-01,20,S,1.3403182041143813,65.22437028137125,1,1
2021-05-01,22,S,3.12074453924567,17.974424257271117,0,1
2021-05-02,22,S,2.0470582609562022,53.88650287004898,0,1
2021-05-03,22,S,2.7602359042599014,16.988440120444455,0,1
2021-05-04,22,S,2.1806326456765834,46.67887279291877,0,1
2021-05-05,22,S,1.4723287977095882,46.63958402130649,0,1
2021-05-06,22,S,4.742266534810783,15.940885972621745,0,1
2021-05-07,22,S,3.818028970798804,41.39384805725314,0,1
2021-05-08,22,S,0.7005658788322627,19.989828891218338,0,1
2021-05-09,22,S,4.342339879489564,82.74116890082999,0,1
2021-05-10,22,S,2.437155991247568,95.29192233680236,0,1
2021-05-11,22,S,4.472761134470457,16.508482773214475,0,1
2021-05-12,22,S,3.999276279736576,95.96036865625312,0,1
2021-05-13,22,S,2.126067522346167,57.03189394030706,0,1
2021-05-14,22,S,0.1123465416005869,36.96091101584865,0,1
2021-05-15,22,S,1.3433867969247304,16.917586774854716,1,1
2021-05-16,22,S,2.7081710733043347,55.056184126337605,1,1
2021-05-17,22,S,3.1673910991307364,81.50639900416738,1,1
2021-05-18,22,S,1.2894384271660115,73.63778295400283,1,1
2021-05-19,22,S,0.6967803703641207,14.520341031757638,1,1
2021-05-20,22,S,4.174651183996495,16.561165183111317,1,1
2021-05-21,22,S,4.92201090351776,46.25859543693734,1,1
2021-05-22,22,S,2.628450911513429,36.57614446431489,1,1
2021-05-23,22,S,0.8583964292415175,30.914589075044304,1,1
2021-05-24,22,S,1.3615366325968448,35.29040490178423,1,1
2021-05-25,22,S,0.0919533827373336,82.31344689671961,1,1
2021-05-26,22,S,4.571494032802495,93.63052482686685,1,1
2021-05-27,22,S,0.5887554144507057,46.45924250748098,1,1
2021-05-28,22,S,2.882582377571268,91.54999019192472,1,1
2021-05-29,22,S,1.37027610343603,38.93461311230938,1,1
2021-05-30,22,S,2.770890012578967,52.87932877094124,1,1
2021-05-31,22,S,3.257101941759321,30.342609803439974,1,1
2021-06-01,22,S,4.1487090185360085,67.64284379582597,1,1
2021-05-01,28,S,1.032106358803016,98.1083003657328,0,0
2021-05-02,28,S,0.0549791432924023,64.31437864390408,0,0
2021-05-03,28,S,0.6844281503440364,42.2032675702194,0,0
2021-05-04,28,S,4.500093209240525,68.30357013914755,0,0
2021-05-05,28,S,4.369450387812576,21.06286106188488,0,0
2021-05-06,28,S,2.9870655108515414,89.97931722388587,0,0
2021-05-07,28,S,3.002584302168267,55.27755557018527,0,0
2021-05-08,28,S,3.3251833727312774,50.441476783567786,0,0
2021-05-09,28,S,0.876856393117248,62.727830960816725,0,0
2021-05-10,28,S,4.572059729624799,66.23054765104622,0,0
2021-05-11,28,S,2.0938526244603657,16.459822560386172,0,0
2021-05-12,28,S,1.9156926412474875,71.43554991010622,0,0
2021-05-13,28,S,2.594588526414188,31.773851228397664,0,0
2021-05-14,28,S,0.2348298338752752,74.25573692559308,0,0
2021-05-15,28,S,0.831416843780397,84.0281314945777,1,0
2021-05-16,28,S,3.690168082131852,82.35626567972683,1,0
2021-05-17,28,S,0.4139933396256323,59.72508706671002,1,0
2021-05-18,28,S,3.015760547331941,56.81529030796761,1,0
2021-05-19,28,S,1.2267455484066048,22.85883652054705,1,0
2021-05-20,28,S,1.9464780702098827,79.7811535362822,1,0
2021-05-21,28,S,1.4434686838534994,34.42684424020429,1,0
2021-05-22,28,S,1.7783635823247457,54.70258805361519,1,0
2021-05-23,28,S,3.5952295259212272,35.5846683634765,1,0
2021-05-24,28,S,1.4856085781158752,22.044552669972383,1,0
2021-05-25,28,S,2.832023201484486,66.66019272025629,1,0
2021-05-26,28,S,2.3802520109954983,14.889883134061344,1,0
2021-05-27,28,S,3.3183558268132405,77.378071071358,1,0
2021-05-28,28,S,4.68414869662379,38.5828115735005,1,0
2021-05-29,28,S,3.662860486051252,10.01212237040368,1,0
2021-05-30,28,S,1.074701892953784,56.00162253135069,1,0
2021-05-31,28,S,0.1559156753064233,14.216671767484282,1,0
2021-06-01,28,S,1.3113202214991255,34.85526020388095,1,0
2021-05-01,29,S,2.9753896535012743,73.62788387101446,0,0
2021-05-02,29,S,0.2571290674212517,15.642065945967929,0,0
2021-05-03,29,S,2.481831236006182,85.54046431204021,0,0
2021-05-04,29,S,2.984214244584446,10.34379303927248,0,0
2021-05-05,29,S,1.6712194540848042,32.2141482281712,0,0
2021-05-06,29,S,3.8545610187291097,76.68136505368643,0,0
2021-05-07,29,S,0.532991265668859,38.46431347563761,0,0
2021-05-08,29,S,0.3756889086790438,19.17031492594122,0,0
2021-05-09,29,S,3.640943781018017,42.42105269203851,0,0
2021-05-10,29,S,2.4774565810309923,34.3353957746073,0,0
2021-05-11,29,S,3.44201198213868,85.84407119444994,0,0
2021-05-12,29,S,2.174136693018731,38.20131258266288,0,0
2021-05-13,29,S,1.232010166195534,81.00392245984065,0,0
2021-05-14,29,S,4.095511588370998,90.26849303296612,0,0
2021-05-15,29,S,3.997079394844896,49.04356776188766,1,0
2021-05-16,29,S,3.473482354272134,91.89488294689528,1,0
2021-05-17,29,S,1.3607256861498134,43.95862485668736,1,0
2021-05-18,29,S,2.9511533343454355,96.76705748410974,1,0
2021-05-19,29,S,1.8048694847001336,18.036057207301564,1,0
2021-05-20,29,S,0.4579103666331707,71.83173398529185,1,0
2021-05-21,29,S,4.586567877311214,54.44326364112358,1,0
2021-05-22,29,S,0.684093154594807,44.88839249100823,1,0
2021-05-23,29,S,4.751186769104012,66.94406908737409,1,0
2021-05-24,29,S,2.230028864789779,73.34713824708982,1,0
2021-05-25,29,S,0.9256646441930982,10.392694268527816,1,0
2021-05-26,29,S,2.7095047368917906,25.025777987247885,1,0
2021-05-27,29,S,4.364729179382041,74.17414455708868,1,0
2021-05-28,29,S,3.661124432047806,69.97468722203858,1,0
2021-05-29,29,S,4.032805739307249,96.94427546158094,1,0
2021-05-30,29,S,3.293916833553587,78.49340112257048,1,0
2021-05-31,29,S,3.4613828225892624,95.56954369582044,1,0
2021-06-01,29,S,4.2459782578265965,73.22864513813263,1,0
2021-05-01,30,S,1.2483400442959298,36.82469877754989,0,0
2021-05-02,30,S,2.4471248182157024,19.482843002577084,0,0
2021-05-03,30,S,1.1060472090980111,80.3641477010442,0,0
2021-05-04,30,S,4.938340039983235,67.97342993283243,0,0
2021-05-05,30,S,4.720296698433066,14.33674111539666,0,0
2021-05-06,30,S,0.1971340568425295,42.40454193108805,0,0
2021-05-07,30,S,3.5278758625784423,96.11198339358576,0,0
2021-05-08,30,S,4.626241587078329,55.03610311391811,0,0
2021-05-09,30,S,0.9028767256366677,48.94562224177342,0,0
2021-05-10,30,S,2.839726152763147,51.192964464336455,0,0
2021-05-11,30,S,4.577441487940209,28.79944516046473,0,0
2021-05-12,30,S,0.1697298929289942,43.18364537783157,0,0
2021-05-13,30,S,3.4871013362342,43.28319303884589,0,0
2021-05-14,30,S,1.4867450368627535,14.711951816872515,0,0
2021-05-15,30,S,4.621980976882652,79.08108656661264,1,0
2021-05-16,30,S,4.855291225826839,47.48539887134911,1,0
2021-05-17,30,S,4.721332445567169,83.9961898134781,1,0
2021-05-18,30,S,2.371071083287319,86.53132010079058,1,0
2021-05-19,30,S,4.310213254946567,29.079464922879225,1,0
2021-05-20,30,S,4.222746992675352,69.16181339531157,1,0
2021-05-21,30,S,1.5955023662162782,52.50536237466835,1,0
2021-05-22,30,S,4.144577370753387,89.21410641293366,1,0
2021-05-23,30,S,0.1850381735774631,29.41666112588087,1,0
2021-05-24,30,S,2.981349392410265,71.00318802790397,1,0
2021-05-25,30,S,1.1500441864385151,64.69769100274503,1,0
2021-05-26,30,S,0.602834428886394,36.57713298146495,1,0
2021-05-27,30,S,0.3847660081460458,22.294081328605536,1,0
2021-05-28,30,S,3.4814438793906985,68.64757844295488,1,0
2021-05-29,30,S,1.6993748188403308,76.47377123190977,1,0
2021-05-30,30,S,3.623833857643808,38.4064609387015,1,0
2021-05-31,30,S,0.3267817039947118,68.03493436200824,1,0
2021-06-01,30,S,1.5764516891530516,45.56178168503529,1,0
2021-05-01,31,S,2.697456461876686,74.18861949543559,0,1
2021-05-02,31,S,3.953615824194818,27.92937474046478,0,1
2021-05-03,31,S,1.5937625146603496,90.11935023725567,0,1
2021-05-04,31,S,3.1294568821850453,35.866863681902174,0,1
2021-05-05,31,S,4.429888741180935,43.10073889805376,0,1
2021-05-06,31,S,3.0793159409115227,15.22827568723148,0,1
2021-05-07,31,S,1.164797373768169,20.036099108914875,0,1
2021-05-08,31,S,0.1220039077826901,56.42757124410953,0,1
2021-05-09,31,S,4.350494369504649,34.08334090551743,0,1
2021-05-10,31,S,0.1063470542519356,85.1932203167975,0,1
2021-05-11,31,S,4.3735083634209975,11.322404978945846,0,1
2021-05-12,31,S,2.64468567013606,44.11846438047426,0,1
2021-05-13,31,S,4.695338492564481,40.36109920921834,0,1
2021-05-14,31,S,3.993916178868327,11.739486782584091,0,1
2021-05-15,31,S,4.989670552666688,21.19315591004592,1,1
2021-05-16,31,S,1.7535590772585508,47.22784074267717,1,1
2021-05-17,31,S,3.8359414446556346,54.357812600270194,1,1
2021-05-18,31,S,2.009654568046211,46.38607725293822,1,1
2021-05-19,31,S,2.3993781015195443,57.78439105708844,1,1
2021-05-20,31,S,3.1375273160918504,63.561850741511336,1,1
2021-05-21,31,S,4.368385570931694,10.893143901505209,1,1
2021-05-22,31,S,4.920417345996476,51.76856435081535,1,1
2021-05-23,31,S,3.841367069322591,96.71493167988297,1,1
2021-05-24,31,S,2.088833910836669,56.71290521165938,1,1
2021-05-25,31,S,2.106785011385351,70.97880407130579,1,1
2021-05-26,31,S,3.687911507944457,38.06774721251949,1,1
2021-05-27,31,S,1.1938857288415117,79.65922403374863,1,1
2021-05-28,31,S,0.5523705656569733,79.56293336885035,1,1
2021-05-29,31,S,1.7731107882038826,56.9166442888725,1,1
2021-05-30,31,S,1.4361949582704088,97.84124409512924,1,1
2021-05-31,31,S,1.4815406022799504,21.2995193286388,1,1
2021-06-01,31,S,1.1680387552495497,11.525289840062287,1,1
2021-05-01,36,S,0.2104659481818094,79.31423905813864,0,1
2021-05-02,36,S,0.089369673667069,82.64399836283943,0,1
2021-05-03,36,S,4.938611948680157,20.818650620851862,0,1
2021-05-04,36,S,2.138865668679312,33.90245496627455,0,1
2021-05-05,36,S,1.9216332357984085,11.579712702996602,0,1
2021-05-06,36,S,3.3982364134653493,36.39777497025082,0,1
2021-05-07,36,S,1.0912694393253208,79.58276865268044,0,1
2021-05-08,36,S,4.749805919751127,56.6164474941321,0,1
2021-05-09,36,S,3.93172507207776,41.328603385145925,0,1
2021-05-10,36,S,0.4470550115612975,43.456536541569726,0,1
2021-05-11,36,S,2.087903878924642,10.121826314392134,0,1
2021-05-12,36,S,4.395591537810823,36.98204748087123,0,1
2021-05-13,36,S,4.723660111457051,68.18128674741374,0,1
2021-05-14,36,S,2.3370075562493486,97.67749994347214,0,1
2021-05-15,36,S,3.067056946053538,86.23547442855096,1,1
2021-05-16,36,S,0.8351697304603761,12.12354681809762,1,1
2021-05-17,36,S,4.955843130684883,90.87045442073554,1,1
2021-05-18,36,S,1.1583585069172169,80.48785719687633,1,1
2021-05-19,36,S,4.713658870675628,80.23385112138824,1,1
2021-05-20,36,S,3.2482332449618423,51.21961831032144,1,1
2021-05-21,36,S,3.038683974394296,45.82047636590525,1,1
2021-05-22,36,S,2.563442555082543,37.26241559498733,1,1
2021-05-23,36,S,1.153349058588793,15.91253730589292,1,1
2021-05-24,36,S,0.8826401600275413,30.54118271443292,1,1
2021-05-25,36,S,1.1024310453508768,32.19432714802221,1,1
2021-05-26,36,S,0.9321913107212726,53.56693627391815,1,1
2021-05-27,36,S,3.8979223678337664,77.26999659370246,1,1
2021-05-28,36,S,1.7506262958336505,52.64288455581519,1,1
2021-05-29,36,S,0.2892133828169818,15.206000450244456,1,1
2021-05-30,36,S,4.845513150704057,96.20108208893836,1,1
2021-05-31,36,S,4.4189294248171285,94.8451887184701,1,1
2021-06-01,36,S,4.638761415976065,80.66705888335676,1,1
2021-05-01,39,S,4.974539113232177,99.21951114077986,0,0
2021-05-02,39,S,0.8694762460974365,59.00340995202367,0,0
2021-05-03,39,S,1.9812100945132936,96.64915152278854,0,0
2021-05-04,39,S,3.791192378520456,16.80445365550757,0,0
2021-05-05,39,S,3.480103090268961,42.91126734352342,0,0
2021-05-06,39,S,0.7694795316992753,30.28431412060893,0,0
2021-05-07,39,S,4.079165624953089,27.6249775720843,0,0
2021-05-08,39,S,1.122202859183303,22.672265400340848,0,0
2021-05-09,39,S,1.1190880741131153,66.0172277409397,0,0
2021-05-10,39,S,2.684872114467068,80.31896701725745,0,0
2021-05-11,39,S,2.964699674208516,62.04685594783246,0,0
2021-05-12,39,S,2.900431039189056,23.22664386293887,0,0
2021-05-13,39,S,0.4574341869887743,83.00113929401238,0,0
2021-05-14,39,S,4.387304313151902,67.23592364473556,0,0
2021-05-15,39,S,1.3280002129435302,44.9349135514296,1,0
2021-05-16,39,S,0.6475746064140209,70.67172659824567,1,0
2021-05-17,39,S,4.443740399344886,33.39144813185496,1,0
2021-05-18,39,S,4.778257491148767,41.06729876447895,1,0
2021-05-19,39,S,4.310638086327253,92.57372588187911,1,0
2021-05-20,39,S,4.04758037362439,36.14540551042784,1,0
2021-05-21,39,S,3.2762099031951086,52.298944134214295,1,0
2021-05-22,39,S,2.7542868530456968,90.11270236564133,1,0
2021-05-23,39,S,0.4349337995570507,73.69492152407747,1,0
2021-05-24,39,S,2.0422660653534934,15.598290354823249,1,0
2021-05-25,39,S,1.86344258506157,23.25727398510733,1,0
2021-05-26,39,S,1.2987689188016311,10.705743169472514,1,0
2021-05-27,39,S,3.617100568442925,66.7829611206247,1,0
2021-05-28,39,S,2.4793786753938543,50.29060828693765,1,0
2021-05-29,39,S,0.4052310795382396,22.0847365812048,1,0
2021-05-30,39,S,1.100916009749057,96.21407089510934,1,0
2021-05-31,39,S,3.41629381829798,57.66937515510579,1,0
2021-06-01,39,S,0.3806542974515009,31.770396470160023,1,0
2021-05-01,41,S,4.256034570243844,55.05432140392368,0,1
2021-05-02,41,S,2.475732635069872,71.1658299461597,0,1
2021-05-03,41,S,2.40293288663324,16.861529617620803,0,1
2021-05-04,41,S,2.962038923297588,34.72334335431028,0,1
2021-05-05,41,S,4.123404829625746,82.62689417955943,0,1
2021-05-06,41,S,1.7390460395109653,51.36983833623951,0,1
2021-05-07,41,S,3.390080762795318,59.191942782906544,0,1
2021-05-08,41,S,2.8286598199789554,48.95344019885224,0,1
2021-05-09,41,S,1.3351413508471066,13.95099483787046,0,1
2021-05-10,41,S,4.39314993177579,24.917480183814035,0,1
2021-05-11,41,S,3.98713010803464,50.09874748677018,0,1
2021-05-12,41,S,3.292259173292128,28.826691886713505,0,1
2021-05-13,41,S,4.2529086454712095,14.498112579371083,0,1
2021-05-14,41,S,4.336471004799012,85.92846976466413,0,1
2021-05-15,41,S,3.541814883575174,98.30732762477042,1,1
2021-05-16,41,S,4.18506664181836,81.38285865970656,1,1
2021-05-17,41,S,3.487357308346418,86.84064295342003,1,1
2021-05-18,41,S,3.400703858801502,31.777941728534085,1,1
2021-05-19,41,S,3.0930568910759213,96.45642779618798,1,1
2021-05-20,41,S,3.763583197788206,27.723313400808557,1,1
2021-05-21,41,S,0.7930255264653685,95.6286829325649,1,1
2021-05-22,41,S,4.404353795994642,99.5337364569356,1,1
2021-05-23,41,S,4.35921763872616,74.05505251714439,1,1
2021-05-24,41,S,0.1462364151727957,98.30293586126398,1,1
2021-05-25,41,S,4.129083752823814,61.25858016103933,1,1
2021-05-26,41,S,0.644349337367226,33.35876048584813,1,1
2021-05-27,41,S,1.6755942712957097,49.32962970990588,1,1
2021-05-28,41,S,3.717541281458039,63.42048418409074,1,1
2021-05-29,41,S,0.803799480241541,16.577340582431347,1,1
2021-05-30,41,S,4.089835120595311,66.01089381555215,1,1
2021-05-31,41,S,4.16067088978871,98.3060053086065,1,1
2021-06-01,41,S,2.537338668804181,27.109688480535485,1,1
2021-05-01,43,S,0.0319293585841679,81.33356046595449,0,1
2021-05-02,43,S,1.435190665874564,91.71089144016574,0,1
2021-05-03,43,S,3.084634591878711,94.93314335381989,0,1
2021-05-04,43,S,4.9059308901371175,96.41220439649024,0,1
2021-05-05,43,S,3.1590676350833418,56.93136748493247,0,1
2021-05-06,43,S,1.2990179053207989,97.95771171923532,0,1
2021-05-07,43,S,3.170028515498057,78.1579186420995,0,1
2021-05-08,43,S,2.6999268985792773,24.55042926132657,0,1
2021-05-09,43,S,3.899226975755718,52.9210095821173,0,1
2021-05-10,43,S,0.534903194134792,74.64980578348036,0,1
2021-05-11,43,S,3.80513951251014,32.2606284237175,0,1
2021-05-12,43,S,2.7063328933805515,67.65536651939986,0,1
2021-05-13,43,S,4.814960019294973,69.99404311419573,0,1
2021-05-14,43,S,1.7093608301934304,24.64297694277093,0,1
2021-05-15,43,S,3.1631094656697405,60.85767812074806,1,1
2021-05-16,43,S,4.660140527550087,79.44642198807469,1,1
2021-05-17,43,S,0.5125486399533963,54.900609808234776,1,1
2021-05-18,43,S,4.686142436182256,11.089280509849669,1,1
2021-05-19,43,S,3.439428611504067,10.813462217136296,1,1
2021-05-20,43,S,0.3391852955258595,42.1326409573011,1,1
2021-05-21,43,S,1.5048178347340813,93.35746615886038,1,1
2021-05-22,43,S,3.540860443226408,30.580910164324788,1,1
2021-05-23,43,S,0.3367530073438585,67.09273199845185,1,1
2021-05-24,43,S,2.9108523008813663,29.986828362398853,1,1
2021-05-25,43,S,1.7294152847647837,38.950299069359374,1,1
2021-05-26,43,S,3.104577588837385,86.32378806413355,1,1
2021-05-27,43,S,0.2287101690625642,75.59752980429522,1,1
2021-05-28,43,S,4.357684030761881,18.58593495818896,1,1
2021-05-29,43,S,4.867444845886984,48.58318188877902,1,1
2021-05-30,43,S,4.8443892764284575,12.625278728073802,1,1
2021-05-31,43,S,3.748259158714624,53.28011319427081,1,1
2021-06-01,43,S,0.6504312006531598,69.61906105309612,1,1
2021-05-01,47,S,3.791315979645113,20.66523612383364,0,1
2021-05-02,47,S,0.1229345822940075,35.99964450182491,0,1
2021-05-03,47,S,0.1106177576449862,45.805296295194125,0,1
2021-05-04,47,S,1.618051095747706,92.75779221904448,0,1
2021-05-05,47,S,2.443215952023329,99.39295138806676,0,1
2021-05-06,47,S,3.852037089038966,14.042016909605426,0,1
2021-05-07,47,S,3.416476883032526,78.49071311458529,0,1
2021-05-08,47,S,2.229513531883742,43.45516597621089,0,1
2021-05-09,47,S,1.3681333314083295,45.3212367606532,0,1
2021-05-10,47,S,4.985622500788556,77.88384760123205,0,1
2021-05-11,47,S,2.1309065111798646,92.65837889308678,0,1
2021-05-12,47,S,2.256935121648377,95.58357350522935,0,1
2021-05-13,47,S,0.8181191059583459,61.94103274344887,0,1
2021-05-14,47,S,3.974047743749647,42.14090433704526,0,1
2021-05-15,47,S,3.468411128907443,80.87941772729013,1,1
2021-05-16,47,S,1.103848063943802,32.59012449360702,1,1
2021-05-17,47,S,0.4119052280792135,60.7666625950166,1,1
2021-05-18,47,S,3.4024965103735654,42.272061537238585,1,1
2021-05-19,47,S,3.2725560714056763,69.09679663370885,1,1
2021-05-20,47,S,1.3662976349910467,31.635902160415625,1,1
2021-05-21,47,S,4.754317811252052,27.24336511613432,1,1
2021-05-22,47,S,0.7552894589045012,92.64151780078932,1,1
2021-05-23,47,S,2.1616740052130097,19.162331465458323,1,1
2021-05-24,47,S,4.718079600837994,55.53621169614385,1,1
2021-05-25,47,S,2.0986365846306114,29.876750466670803,1,1
2021-05-26,47,S,3.192629738320428,13.50369669931007,1,1
2021-05-27,47,S,1.9879719898139716,13.241693646228375,1,1
2021-05-28,47,S,1.3710760117433505,25.76995948952446,1,1
2021-05-29,47,S,4.919888239799141,88.00933190554002,1,1
2021-05-30,47,S,2.046670031575215,35.4230869579324,1,1
2021-05-31,47,S,4.470496018395672,95.54132535177662,1,1
2021-06-01,47,S,1.149773029455431,62.34600636902742,1,1
2021-05-01,48,S,1.0655235201254163,49.29527707918895,0,1
2021-05-02,48,S,0.1556704144225568,62.207995120250914,0,1
2021-05-03,48,S,3.2583341268794253,56.5028546703641,0,1
2021-05-04,48,S,1.8426317186188057,78.28986283815927,0,1
2021-05-05,48,S,4.321791249198185,35.424645937556704,0,1
2021-05-06,48,S,2.366049533457786,41.77453524402721,0,1
2021-05-07,48,S,4.840967139573609,90.46848722799255,0,1
2021-05-08,48,S,0.9276275785156056,95.1810861835365,0,1
2021-05-09,48,S,4.343115839778054,90.33024047378272,0,1
2021-05-10,48,S,3.8829842639587087,47.75031945615822,0,1
2021-05-11,48,S,3.85460922322026,80.23289527061935,0,1
2021-05-12,48,S,4.223916140584438,52.87021599709889,0,1
2021-05-13,48,S,3.8051199547149945,54.7785866931492,0,1
2021-05-14,48,S,3.131101608157077,28.42120981515556,0,1
2021-05-15,48,S,0.6562243884119379,63.20172729326648,1,1
2021-05-16,48,S,0.1626308974562595,26.752230797801317,1,1
2021-05-17,48,S,4.604239239078434,39.84082291604744,1,1
2021-05-18,48,S,3.0832515726036904,86.95271814579417,1,1
2021-05-19,48,S,3.9826864548808816,28.63682282897697,1,1
2021-05-20,48,S,2.4076117575627505,16.404245665608954,1,1
2021-05-21,48,S,0.5865409448119724,16.21068333515347,1,1
2021-05-22,48,S,0.6259289610127522,94.6706068452797,1,1
2021-05-23,48,S,3.4278264361448567,55.62283941656512,1,1
2021-05-24,48,S,2.151529474497313,46.84708646353165,1,1
2021-05-25,48,S,1.0026236335016836,82.97907229071266,1,1
2021-05-26,48,S,2.4579727337071846,85.22433351194644,1,1
2021-05-27,48,S,0.3210446853756704,39.89719298040441,1,1
2021-05-28,48,S,2.909857009571994,72.42562517264157,1,1
2021-05-29,48,S,1.3449670221754884,79.40105342666979,1,1
2021-05-30,48,S,3.9877955031859407,68.91856181793591,1,1
2021-05-31,48,S,1.5518097946178688,23.643556732008943,1,1
2021-06-01,48,S,2.276100745409006,88.82947751653514,1,1
2021-05-01,49,S,0.0581026995405031,58.51850974624078,0,1
2021-05-02,49,S,0.3622344389727944,35.422518373300335,0,1
2021-05-03,49,S,1.962467782033424,48.27053668939245,0,1
2021-05-04,49,S,2.3996941735856177,13.381398135901664,0,1
2021-05-05,49,S,3.0001027405965184,21.50801211001758,0,1
2021-05-06,49,S,1.4583128935465162,78.89920754642748,0,1
2021-05-07,49,S,3.474909430632713,10.001047127982952,0,1
2021-05-08,49,S,4.300611985946023,47.490924563406296,0,1
2021-05-09,49,S,3.899254944466749,57.02591629770296,0,1
2021-05-10,49,S,0.1980941267417857,14.917097800087507,0,1
2021-05-11,49,S,2.4025347362891445,97.57703466750996,0,1
2021-05-12,49,S,0.5246508920908743,30.351279812470477,0,1
2021-05-13,49,S,1.2102250793126372,37.37788476726528,0,1
2021-05-14,49,S,4.933312966335732,37.35482610295246,0,1
2021-05-15,49,S,0.7124777145075661,30.73749959056149,1,1
2021-05-16,49,S,2.4944407672567803,10.132643987768027,1,1
2021-05-17,49,S,3.0907786715905954,75.64103146791967,1,1
2021-05-18,49,S,3.5123248527205195,97.01609498193568,1,1
2021-05-19,49,S,2.7982434174345707,30.18641349565405,1,1
2021-05-20,49,S,0.0488542370959182,69.67424726230801,1,1
2021-05-21,49,S,1.632306541219959,76.77066942628436,1,1
2021-05-22,49,S,2.5885582169235573,86.35828411814722,1,1
2021-05-23,49,S,0.4393324957241667,48.03662773122482,1,1
2021-05-24,49,S,1.7531346560459038,37.26378150763863,1,1
2021-05-25,49,S,0.1660155439568328,39.2765620620728,1,1
2021-05-26,49,S,0.3928924857751037,74.13591997886616,1,1
2021-05-27,49,S,1.98461638100798,83.51015198550725,1,1
2021-05-28,49,S,0.6635787702153018,26.34525709809424,1,1
2021-05-29,49,S,2.83770424130779,43.38469073419887,1,1
2021-05-30,49,S,3.447324845686329,91.17461770742352,1,1
2021-05-31,49,S,4.002933495545414,82.60241677252652,1,1
2021-06-01,49,S,1.0007512212240504,98.63725624862282,1,1
2021-05-01,58,S,0.8374129112953488,77.88234337138726,0,0
2021-05-02,58,S,0.5228392016720013,45.38756809251301,0,0
2021-05-03,58,S,3.1821512477181835,63.1574050595174,0,0
2021-05-04,58,S,3.5323786324345057,69.49128288225883,0,0
2021-05-05,58,S,0.1579307241282102,17.061023468541155,0,0
2021-05-06,58,S,4.681061231218449,59.00472631934786,0,0
2021-05-07,58,S,0.259856418257362,73.83887456253487,0,0
2021-05-08,58,S,2.7064816765053523,25.058917360095435,0,0
2021-05-09,58,S,3.545302597254582,80.25685456830014,0,0
2021-05-10,58,S,4.354845618730428,62.539550246270046,0,0
2021-05-11,58,S,3.570434660662139,95.69996071278352,0,0
2021-05-12,58,S,4.008640415348959,13.818006838620253,0,0
2021-05-13,58,S,1.6972509627140302,33.87935237999203,0,0
2021-05-14,58,S,4.074125568732561,64.13984913698417,0,0
2021-05-15,58,S,0.4005742319233757,36.69039209853376,1,0
2021-05-16,58,S,4.474083280302638,74.2981747664118,1,0
2021-05-17,58,S,2.7379618807686814,78.3104754269738,1,0
2021-05-18,58,S,4.0864888498124685,19.2264367659827,1,0
2021-05-19,58,S,2.2615914225915006,56.24690177860909,1,0
2021-05-20,58,S,3.2178884759826247,55.80015000319503,1,0
2021-05-21,58,S,2.632013304680566,43.2352693193987,1,0
2021-05-22,58,S,3.6579476087766594,93.96323763127047,1,0
2021-05-23,58,S,0.4081499101529479,84.47556878858991,1,0
2021-05-24,58,S,0.301760419952819,72.7488443718673,1,0
2021-05-25,58,S,1.2355161700507322,74.28939721614978,1,0
2021-05-26,58,S,0.7977234005659417,51.55445294318072,1,0
2021-05-27,58,S,4.3589178329610085,92.88950689869183,1,0
2021-05-28,58,S,1.0960699367902216,72.51358845279569,1,0
2021-05-29,58,S,4.879326279095657,75.60829554902348,1,0
2021-05-30,58,S,1.6844789588555342,87.55218134086107,1,0
2021-05-31,58,S,0.9105895784434964,34.66644304079719,1,0
2021-06-01,58,S,3.948492535712396,82.63638134800327,1,0
2021-05-01,59,S,3.293538877504381,27.571654266084284,0,1
2021-05-02,59,S,2.490978582265695,41.0807757020399,0,1
2021-05-03,59,S,2.7768177546881563,40.20494088428585,0,1
2021-05-04,59,S,3.5960088913613197,98.06729215502266,0,1
2021-05-05,59,S,1.1422737066564936,87.08835013731341,0,1
2021-05-06,59,S,4.981669580283709,73.10528754312338,0,1
2021-05-07,59,S,4.873965810733916,75.4351085453851,0,1
2021-05-08,59,S,3.2516284317346846,60.586551496231394,0,1
2021-05-09,59,S,0.9977122546457255,95.23816003976673,0,1
2021-05-10,59,S,3.401141212156457,54.66328775941254,0,1
2021-05-11,59,S,0.3609920448958792,44.246593888290505,0,1
2021-05-12,59,S,0.1532625110290303,24.67318032384319,0,1
2021-05-13,59,S,1.2884144425560684,80.75850870349522,0,1
2021-05-14,59,S,2.313114783696581,76.09995388680323,0,1
2021-05-15,59,S,4.341362527041903,44.59195346717214,1,1
2021-05-16,59,S,3.63584534883154,12.267407256330642,1,1
2021-05-17,59,S,3.713532605999905,85.50975949462097,1,1
2021-05-18,59,S,2.1274666722403768,11.027618510866628,1,1
2021-05-19,59,S,1.7296749627348147,73.33298016661459,1,1
2021-05-20,59,S,1.8551938149230132,97.32313987534512,1,1
2021-05-21,59,S,4.938247818680289,49.38951953333831,1,1
2021-05-22,59,S,0.2005459570624124,31.14760644963575,1,1
2021-05-23,59,S,4.335157480612243,73.43839090390435,1,1
2021-05-24,59,S,2.893377042861967,83.54153278140267,1,1
2021-05-25,59,S,2.1930770959479524,59.17872844700626,1,1
2021-05-26,59,S,3.6262883020756815,97.03317477305316,1,1
2021-05-27,59,S,2.4333447071235144,14.6501849492165,1,1
2021-05-28,59,S,4.367116190408303,55.43160384740753,1,1
2021-05-29,59,S,4.503509320056293,74.6608552590295,1,1
2021-05-30,59,S,2.108604634367277,87.63764240342611,1,1
2021-05-31,59,S,1.384138986175258,26.133005071701103,1,1
2021-06-01,59,S,2.961751642966811,82.00031335873133,1,1
2021-05-01,63,S,4.561816728083455,59.743636814669074,0,1
2021-05-02,63,S,1.053310945028333,45.68983137909669,0,1
2021-05-03,63,S,3.114832917817414,21.854352572118422,0,1
2021-05-04,63,S,3.1578011004626028,87.87661830180211,0,1
2021-05-05,63,S,3.665565112076405,24.154588736174382,0,1
2021-05-06,63,S,0.657838425636299,37.880907328818935,0,1
2021-05-07,63,S,3.5791248234104427,36.10409787661932,0,1
2021-05-08,63,S,4.545162603328205,88.42726307717689,0,1
2021-05-09,63,S,0.8984155443512098,70.54326947880082,0,1
2021-05-10,63,S,1.1877166246193882,81.7013257472235,0,1
2021-05-11,63,S,4.856975470208198,32.54211089132491,0,1
2021-05-12,63,S,0.9048847635474488,66.23866896462991,0,1
2021-05-13,63,S,4.271925466847896,61.45713848293738,0,1
2021-05-14,63,S,2.461389282240174,84.9547339109444,0,1
2021-05-15,63,S,1.236155372015885,91.54783544331345,1,1
2021-05-16,63,S,4.353749506362557,11.094109432964812,1,1
2021-05-17,63,S,2.2265262750133274,70.66179271529134,1,1
2021-05-18,63,S,2.574086769648451,14.665221920775611,1,1
2021-05-19,63,S,1.7961668469988283,59.39727985696203,1,1
2021-05-20,63,S,2.9647542571746373,35.88694561393104,1,1
2021-05-21,63,S,0.8176193629251138,37.60989395699271,1,1
2021-05-22,63,S,1.9554076832588037,41.76626531071209,1,1
2021-05-23,63,S,4.847061611676438,65.9163204144649,1,1
2021-05-24,63,S,1.2906671635056377,40.06449691018923,1,1
2021-05-25,63,S,3.283683322706461,75.94291455312523,1,1
2021-05-26,63,S,1.6259503211234745,46.40746470164827,1,1
2021-05-27,63,S,3.8673656284330034,16.151788027896274,1,1
2021-05-28,63,S,0.6543683035917491,80.53838582356966,1,1
2021-05-29,63,S,4.849105225392724,35.71824921334354,1,1
2021-05-30,63,S,2.268947706918196,48.94901916393364,1,1
2021-05-31,63,S,1.1802523167323198,71.68994948997113,1,1
2021-06-01,63,S,0.3674837366500633,39.92105414338408,1,1
2021-05-01,71,S,0.8487895254377037,15.092709053204404,0,1
2021-05-02,71,S,2.598869742780088,43.652894231153226,0,1
2021-05-03,71,S,1.6850158821564314,95.0003724424873,0,1
2021-05-04,71,S,4.144416829413047,67.75609575687024,0,1
2021-05-05,71,S,2.154437618309029,70.43312338004861,0,1
2021-05-06,71,S,1.2435713629381495,66.90539382738758,0,1
2021-05-07,71,S,3.0857249330201504,27.90929250634931,0,1
2021-05-08,71,S,3.533886084427229,47.65004776920521,0,1
2021-05-09,71,S,0.8352095395047493,77.58458185269865,0,1
2021-05-10,71,S,0.8380960814415883,19.123560779784324,0,1
2021-05-11,71,S,0.1833571346677148,35.00674984807411,0,1
2021-05-12,71,S,3.6820100753282015,34.868719761926826,0,1
2021-05-13,71,S,3.319022638109025,48.88170348350554,0,1
2021-05-14,71,S,2.373154378749069,98.23318668479664,0,1
2021-05-15,71,S,4.220852244845986,16.075229201543976,1,1
2021-05-16,71,S,4.028350764750266,56.68308949425355,1,1
2021-05-17,71,S,2.9267718219837606,26.14282138109894,1,1
2021-05-18,71,S,4.341356402566293,97.36088908687697,1,1
2021-05-19,71,S,1.0292060501838414,20.19731542547178,1,1
2021-05-20,71,S,0.5595980969886394,46.32409021254321,1,1
2021-05-21,71,S,1.348748057584948,76.40964863511455,1,1
2021-05-22,71,S,0.2854342804465742,73.40989852247007,1,1
2021-05-23,71,S,2.65584764000516,48.0455773204539,1,1
2021-05-24,71,S,4.683028461474807,41.18717511574464,1,1
2021-05-25,71,S,0.1967177033425482,45.78511406975835,1,1
2021-05-26,71,S,0.610549570050134,33.78486368427754,1,1
2021-05-27,71,S,2.2609951414171765,28.479964483611983,1,1
2021-05-28,71,S,4.669375087639525,53.473572780300096,1,1
2021-05-29,71,S,1.5807805248837523,34.16803804608466,1,1
2021-05-30,71,S,2.536174043441962,35.87154984075251,1,1
2021-05-31,71,S,0.2078642952519604,69.10804571271014,1,1
2021-06-01,71,S,0.7417160048104443,97.16835985299028,1,1
2021-05-01,76,S,4.933150614794235,64.32734805034376,0,1
2021-05-02,76,S,4.825593482180228,16.928152035846963,0,1
2021-05-03,76,S,0.024699904672048,16.80252524686603,0,1
2021-05-04,76,S,4.759058927116195,95.62808987610094,0,1
2021-05-05,76,S,3.195599689077502,36.756171127660025,0,1
2021-05-06,76,S,4.339591472600111,18.28602874742279,0,1
2021-05-07,76,S,2.2736992781692957,63.91401284353434,0,1
2021-05-08,76,S,2.5779801428962514,66.12839004612394,0,1
2021-05-09,76,S,2.444232901284601,68.36543381068194,0,1
2021-05-10,76,S,3.3343212877305217,34.06618250717872,0,1
2021-05-11,76,S,0.6982562737815645,11.359961579302754,0,1
2021-05-12,76,S,0.1498679493633897,96.85138325090249,0,1
2021-05-13,76,S,1.5396497079559546,32.58037411219922,0,1
2021-05-14,76,S,3.5234038136832337,70.84236592472928,0,1
2021-05-15,76,S,1.0092672606147417,73.59668828908386,1,1
2021-05-16,76,S,3.3671621666245866,64.90066753715371,1,1
2021-05-17,76,S,4.849560230536352,38.16166547922834,1,1
2021-05-18,76,S,0.4695035789470919,34.398662838765915,1,1
2021-05-19,76,S,3.363010591125631,63.79014544324328,1,1
2021-05-20,76,S,2.218751096522856,87.94860702505224,1,1
2021-05-21,76,S,4.340711271887527,95.2060356031056,1,1
2021-05-22,76,S,0.8857489472369295,19.531522396338183,1,1
2021-05-23,76,S,3.4631297611308227,23.934575133794787,1,1
2021-05-24,76,S,4.190576448240551,95.02626329047716,1,1
2021-05-25,76,S,4.723071097370116,76.28817055013133,1,1
2021-05-26,76,S,3.4162401414482293,89.46944423467957,1,1
2021-05-27,76,S,2.4858738200421366,28.236937072180883,1,1
2021-05-28,76,S,3.089236201006069,62.882728399846165,1,1
2021-05-29,76,S,4.344524922393591,73.10256349757262,1,1
2021-05-30,76,S,2.8530487331941483,71.21006969022754,1,1
2021-05-31,76,S,0.1519352984841843,46.73365217800283,1,1
2021-06-01,76,S,4.654743477534889,11.385540252217762,1,1
2021-05-01,78,S,3.447633755157806,62.46334511238368,0,0
2021-05-02,78,S,3.382566928886233,32.779138526164786,0,0
2021-05-03,78,S,1.078375761988586,50.52288215286013,0,0
2021-05-04,78,S,3.2944273511632858,96.18229135754356,0,0
2021-05-05,78,S,1.9693220282707924,45.913178587819125,0,0
2021-05-06,78,S,3.2561648852074603,85.5821445997984,0,0
2021-05-07,78,S,0.5329651515399536,26.9686545174326,0,0
2021-05-08,78,S,3.2892265230151803,70.52144482225259,0,0
2021-05-09,78,S,4.997068628853333,97.93062589950492,0,0
2021-05-10,78,S,0.2410601943027801,19.17037907856431,0,0
2021-05-11,78,S,4.885870921106586,10.748794800447282,0,0
2021-05-12,78,S,2.034539803614353,49.02245133693529,0,0
2021-05-13,78,S,4.353767251686296,18.336293474623048,0,0
2021-05-14,78,S,3.911927420291368,77.35459147086083,0,0
2021-05-15,78,S,2.8350813049333388,92.3093797463703,1,0
2021-05-16,78,S,3.6922460462566327,49.061887543788295,1,0
2021-05-17,78,S,4.39257780650674,33.284047793989686,1,0
2021-05-18,78,S,2.0207016082551648,49.09629871059488,1,0
2021-05-19,78,S,1.6351658078161937,75.1103036065001,1,0
2021-05-20,78,S,3.337966927817924,10.814874542233389,1,0
2021-05-21,78,S,4.039229709706293,63.05085905362274,1,0
2021-05-22,78,S,3.811425673883079,65.19625163986412,1,0
2021-05-23,78,S,3.989068244293173,67.39194222063419,1,0
2021-05-24,78,S,2.177916574064665,31.781987198278948,1,0
2021-05-25,78,S,4.089171080875108,74.2647451040314,1,0
2021-05-26,78,S,0.6010452768530422,18.22523376985988,1,0
2021-05-27,78,S,2.722445489804248,27.934330282012077,1,0
2021-05-28,78,S,0.0287933024906078,88.97230419890337,1,0
2021-05-29,78,S,1.6229291495013514,76.48508356539097,1,0
2021-05-30,78,S,1.8323076743569893,11.237099861021072,1,0
2021-05-31,78,S,1.980863458046277,32.353863433282015,1,0
2021-06-01,78,S,3.477336033449311,29.29658346938481,1,0
2021-05-01,83,S,1.9427905063517288,34.37256952332753,0,1
2021-05-02,83,S,2.243468113112653,32.28037932518978,0,1
2021-05-03,83,S,1.1877206543716374,15.627366616856117,0,1
2021-05-04,83,S,1.8662589581467004,51.30464649371383,0,1
2021-05-05,83,S,1.1363481363157573,75.94601273075486,0,1
2021-05-06,83,S,0.3659796188422182,64.60585522456927,0,1
2021-05-07,83,S,3.0172429669068896,70.55845017382718,0,1
2021-05-08,83,S,3.3410639927750814,17.303426068261523,0,1
2021-05-09,83,S,3.0974517300480726,95.63416391591085,0,1
2021-05-10,83,S,2.3174702190028618,85.46426504587224,0,1
2021-05-11,83,S,1.898928900896149,82.45812866460965,0,1
2021-05-12,83,S,4.316668247859126,84.06854245375908,0,1
2021-05-13,83,S,2.5954089256810904,93.94394573194852,0,1
2021-05-14,83,S,2.395909388148655,58.9828569502328,0,1
2021-05-15,83,S,0.1282103290321784,28.02538160808633,1,1
2021-05-16,83,S,1.7062391381307818,65.5105247067287,1,1
2021-05-17,83,S,1.9009780939292853,76.85933443011452,1,1
2021-05-18,83,S,1.9941139044845024,76.41256540186228,1,1
2021-05-19,83,S,2.900861846136661,56.93041217501921,1,1
2021-05-20,83,S,2.6680127336343924,16.161284740022026,1,1
2021-05-21,83,S,3.039525463967223,43.4001644587115,1,1
2021-05-22,83,S,3.824416307710641,92.86899476170215,1,1
2021-05-23,83,S,4.064928693580468,62.60040187816834,1,1
2021-05-24,83,S,3.590615381132472,58.44987489301421,1,1
2021-05-25,83,S,4.777618479774674,34.196816294397415,1,1
2021-05-26,83,S,0.0911629133818081,43.1604027924921,1,1
2021-05-27,83,S,0.9788899284177304,90.58114802378525,1,1
2021-05-28,83,S,0.0378143748907106,69.98167427741521,1,1
2021-05-29,83,S,3.237373570773015,80.86483240770995,1,1
2021-05-30,83,S,4.490152744749935,50.89108807608896,1,1
2021-05-31,83,S,1.2174114828814964,66.72224975105422,1,1
2021-06-01,83,S,4.635172723981533,32.354524786888675,1,1
2021-05-01,87,S,0.3013369514478042,73.49147472551377,0,0
2021-05-02,87,S,4.672180134027571,48.48412003330036,0,0
2021-05-03,87,S,1.758113436198172,49.8290963333271,0,0
2021-05-04,87,S,0.5071041422460826,68.43900921191934,0,0
2021-05-05,87,S,2.4293587959316283,94.2652559322034,0,0
2021-05-06,87,S,1.2838828386025396,15.760571194775885,0,0
2021-05-07,87,S,1.4243645098096145,84.22689136123068,0,0
2021-05-08,87,S,1.5364498246314329,36.31447993709738,0,0
2021-05-09,87,S,4.015129489163317,49.95275090557401,0,0
2021-05-10,87,S,2.695806383376272,11.972199589750806,0,0
2021-05-11,87,S,1.556538495780018,37.094147005088175,0,0
2021-05-12,87,S,3.051668916554592,55.23681183671175,0,0
2021-05-13,87,S,3.580753371115968,15.055846961269513,0,0
2021-05-14,87,S,1.3631200036676687,54.19861564448486,0,0
2021-05-15,87,S,2.067745507626757,93.43995659725846,1,0
2021-05-16,87,S,0.6094304666847378,19.485389629702468,1,0
2021-05-17,87,S,0.9057467476734016,78.7996655267954,1,0
2021-05-18,87,S,3.405589269824914,46.87039480383934,1,0
2021-05-19,87,S,0.9071917384781348,68.96563430719041,1,0
2021-05-20,87,S,2.6258169183353006,33.42129381867064,1,0
2021-05-21,87,S,3.545231308612164,24.35430362872225,1,0
2021-05-22,87,S,0.5343846154737192,24.44163528441038,1,0
2021-05-23,87,S,2.836561098144518,16.344275107883018,1,0
2021-05-24,87,S,1.2828139185068188,26.708203441111877,1,0
2021-05-25,87,S,4.814634376187899,69.77974464900714,1,0
2021-05-26,87,S,2.4177282335996235,89.35215506591572,1,0
2021-05-27,87,S,4.029962748875791,83.27131170320456,1,0
2021-05-28,87,S,2.7511327107813086,71.66208788870357,1,0
2021-05-29,87,S,0.2170626642740958,19.93886770699924,1,0
2021-05-30,87,S,3.165756877970112,36.02687016663549,1,0
2021-05-31,87,S,4.757016711033285,37.88261877902221,1,0
2021-06-01,87,S,3.008059100731656,32.496125175785906,1,0
2021-05-01,99,S,4.095944297133951,56.35050937387508,0,0
2021-05-02,99,S,4.421032316742039,58.199843339170535,0,0
2021-05-03,99,S,1.1403988597446624,42.11973776539992,0,0
2021-05-04,99,S,1.0602241995411332,41.84102428627924,0,0
2021-05-05,99,S,3.0549049442549587,84.57000381154732,0,0
2021-05-06,99,S,2.0551423490335234,81.0363563487717,0,0
2021-05-07,99,S,4.1993065143336015,37.70162485126711,0,0
2021-05-08,99,S,4.500115616990056,92.24095994859334,0,0
2021-05-09,99,S,1.7671068965135903,95.75335153022554,0,0
2021-05-10,99,S,1.1843527948724102,39.40682878270367,0,0
2021-05-11,99,S,3.902627576219309,41.89824539137494,0,0
2021-05-12,99,S,1.3740301777406805,55.5070738079763,0,0
2021-05-13,99,S,4.113071592568392,94.70087312803062,0,0
2021-05-14,99,S,2.118691268243814,88.86874898280804,0,0
2021-05-15,99,S,3.337749496457352,19.231116632523083,1,0
2021-05-16,99,S,0.4776765691733409,45.345766894427456,1,0
2021-05-17,99,S,3.119296623382865,59.80340707747946,1,0
2021-05-18,99,S,2.258838393686146,55.28192252963861,1,0
2021-05-19,99,S,2.9330423158773704,27.44767611432034,1,0
2021-05-20,99,S,0.8400710387243171,87.29350940513392,1,0
2021-05-21,99,S,3.6843687247209114,70.92467046971535,1,0
2021-05-22,99,S,4.313985387716143,85.41175373666232,1,0
2021-05-23,99,S,1.0836990004538782,87.2887851414525,1,0
2021-05-24,99,S,0.4785727776008086,77.35202682991658,1,0
2021-05-25,99,S,0.1181929302316819,49.52895411247456,1,0
2021-05-26,99,S,3.2098575022163303,64.94920795138822,1,0
2021-05-27,99,S,3.035470180443904,24.432886550776885,1,0
2021-05-28,99,S,2.73348706357035,70.62808757274169,1,0
2021-05-29,99,S,1.1597354805798772,26.132793016535267,1,0
2021-05-30,99,S,1.9545299795275728,72.45546314591411,1,0
2021-05-31,99,S,2.972381675930865,30.66383446785718,1,0
2021-06-01,99,S,2.483834294295847,20.5796170135198,1,0
2021-05-01,100,S,4.938927601074436,24.87560411286617,0,0
2021-05-02,100,S,0.6821987627836656,10.179292169716325,0,0
2021-05-03,100,S,3.4757227702379687,74.68656560681772,0,0
2021-05-04,100,S,2.0215938405214606,75.91609441525412,0,0
2021-05-05,100,S,2.1409980746280737,56.34400149219335,0,0
2021-05-06,100,S,3.5879888282908814,24.522652094984533,0,0
2021-05-07,100,S,3.4621807566218483,17.519890375962078,0,0
2021-05-08,100,S,4.956279968510941,11.721606979355832,0,0
2021-05-09,100,S,0.6419714472706262,24.917335926869864,0,0
2021-05-10,100,S,0.5205482469208317,90.1769981484832,0,0
2021-05-11,100,S,3.6216940856437057,31.73831575315136,0,0
2021-05-12,100,S,2.891934585032045,41.88441944954941,0,0
2021-05-13,100,S,1.3708033327990292,19.481093603319987,0,0
2021-05-14,100,S,0.397096844944933,30.012517427335325,0,0
2021-05-15,100,S,0.4282912479821527,56.73021137021846,1,0
2021-05-16,100,S,4.470954373320591,64.69774147860873,1,0
2021-05-17,100,S,0.9593366235937144,32.081708274959,1,0
2021-05-18,100,S,1.6168578105776037,15.195894330260549,1,0
2021-05-19,100,S,1.13328201113494,45.19295822146588,1,0
2021-05-20,100,S,1.7749815291596869,31.078303383370077,1,0
2021-05-21,100,S,0.3471192137304668,29.75985309068217,1,0
2021-05-22,100,S,2.595298954541352,96.38765224421095,1,0
2021-05-23,100,S,0.3380628179610745,65.46704373331517,1,0
2021-05-24,100,S,4.001782539111808,60.11905988548863,1,0
2021-05-25,100,S,1.1685604095521651,47.41975931709897,1,0
2021-05-26,100,S,2.700059573022553,48.60499000871298,1,0
2021-05-27,100,S,4.400395437807291,58.68145034542727,1,0
2021-05-28,100,S,3.2543868452359708,72.67868263324965,1,0
2021-05-29,100,S,2.6647889327566765,73.19314865636466,1,0
2021-05-30,100,S,1.621668765576878,25.45245169349046,1,0
2021-05-31,100,S,1.6650095652909895,55.01014768689643,1,0
2021-06-01,100,S,3.3474347759909504,47.07622855306918,1,0
2021-05-01,102,S,4.970696806105837,88.34742696424458,0,0
2021-05-02,102,S,3.309195949246893,66.82770290965388,0,0
2021-05-03,102,S,2.7889170868501245,57.92536597743836,0,0
2021-05-04,102,S,3.653252551196231,20.38551779610256,0,0
2021-05-05,102,S,2.32602806141859,64.50741003910703,0,0
2021-05-06,102,S,0.3007117130039261,20.548351511221007,0,0
2021-05-07,102,S,2.8114840793895493,40.34859180091769,0,0
2021-05-08,102,S,4.788126422526901,22.855776833289863,0,0
2021-05-09,102,S,0.8765147117882982,72.28662823219321,0,0
2021-05-10,102,S,3.4500244541033287,28.562690245253734,0,0
2021-05-11,102,S,1.0046684432952824,45.26734358692234,0,0
2021-05-12,102,S,2.6791384223654062,90.61072998569009,0,0
2021-05-13,102,S,0.4833822482335981,28.388474505907325,0,0
2021-05-14,102,S,2.2518546812909257,55.70245575629012,0,0
2021-05-15,102,S,3.7808166444762303,47.73444950494198,1,0
2021-05-16,102,S,1.7378576211949104,11.631163694115676,1,0
2021-05-17,102,S,3.32455862243609,81.34823022155315,1,0
2021-05-18,102,S,3.977249803948646,16.214131568313974,1,0
2021-05-19,102,S,4.635889097397263,52.68295188792583,1,0
2021-05-20,102,S,1.1732104092772675,60.46104654450549,1,0
2021-05-21,102,S,1.9965795790465408,66.55838109531284,1,0
2021-05-22,102,S,0.7620800666520872,71.9768466377088,1,0
2021-05-23,102,S,4.962417510791876,32.79451451704436,1,0
2021-05-24,102,S,4.635004839621477,10.898089899260444,1,0
2021-05-25,102,S,2.699785651402798,75.10992961194208,1,0
2021-05-26,102,S,4.210166471882106,58.20909394128207,1,0
2021-05-27,102,S,2.604789886360211,85.25059328865238,1,0
2021-05-28,102,S,3.1179284400137988,83.92495266106249,1,0
2021-05-29,102,S,0.4456221605800831,85.89935510090949,1,0
2021-05-30,102,S,3.77635210248404,53.65851939815862,1,0
2021-05-31,102,S,0.6385674181761741,40.02655562531791,1,0
2021-06-01,102,S,4.130338151262642,81.2402382332233,1,0
2021-05-01,107,S,3.9101404383519296,50.616470172632944,0,0
2021-05-02,107,S,3.5437234887148823,26.509797676309105,0,0
2021-05-03,107,S,0.1808019026238105,86.9476617605327,0,0
2021-05-04,107,S,1.515641779726643,89.43038890951125,0,0
2021-05-05,107,S,1.3155628495542144,51.96787805261531,0,0
2021-05-06,107,S,1.8006820373575954,16.812975457880874,0,0
2021-05-07,107,S,0.4382137338191927,44.90434809252381,0,0
2021-05-08,107,S,4.684789115155314,82.31838935163431,0,0
2021-05-09,107,S,2.769011203561881,91.1596625691606,0,0
2021-05-10,107,S,1.5276215532901176,28.312546824783624,0,0
2021-05-11,107,S,1.984907585371417,16.027625082274437,0,0
2021-05-12,107,S,2.236012702524178,88.96154078195548,0,0
2021-05-13,107,S,3.0029716668030866,45.04644450809877,0,0
2021-05-14,107,S,2.578397138482489,58.758486784080695,0,0
2021-05-15,107,S,4.596959866072087,97.1259230845683,1,0
2021-05-16,107,S,2.484817414529151,15.990825512280058,1,0
2021-05-17,107,S,4.960790074116563,68.3486206706886,1,0
2021-05-18,107,S,4.257124788725479,16.669488031738037,1,0
2021-05-19,107,S,1.042552571786679,43.79220356198503,1,0
2021-05-20,107,S,4.652976073219581,82.3433090674102,1,0
2021-05-21,107,S,0.5818319894273805,49.01250094800709,1,0
2021-05-22,107,S,4.087248542455958,99.74641185126552,1,0
2021-05-23,107,S,1.9031164673829004,60.3153356451942,1,0
2021-05-24,107,S,4.389871602225347,38.90459373723581,1,0
2021-05-25,107,S,4.340283450537251,29.81001933142778,1,0
2021-05-26,107,S,4.029627000588106,41.54684808575456,1,0
2021-05-27,107,S,3.950152181535307,43.52799463835957,1,0
2021-05-28,107,S,1.523395695490204,16.18423099515649,1,0
2021-05-29,107,S,0.4045964152562609,43.261677948409584,1,0
2021-05-30,107,S,2.014900893825807,51.781466776530245,1,0
2021-05-31,107,S,0.8676225749325434,75.04639770149242,1,0
2021-06-01,107,S,3.4747554445123088,69.10565362494472,1,0
2021-05-01,110,S,1.7304986326889278,73.78890897062388,0,0
2021-05-02,110,S,4.878051004299574,10.75273136891714,0,0
2021-05-03,110,S,3.20486038672666,29.590065962248243,0,0
2021-05-04,110,S,4.112402818171804,69.5515859559871,0,0
2021-05-05,110,S,0.6626233637092421,53.559043136177245,0,0
2021-05-06,110,S,4.310072411363112,10.478212810151136,0,0
2021-05-07,110,S,4.613785952566972,82.40451781886401,0,0
2021-05-08,110,S,2.4353095940946794,79.55286159613037,0,0
2021-05-09,110,S,3.031264688754887,59.35772466942064,0,0
2021-05-10,110,S,3.824049004514977,15.981699319864491,0,0
2021-05-11,110,S,0.8741931363020627,78.98635445793262,0,0
2021-05-12,110,S,2.512830382317212,62.53422289582276,0,0
2021-05-13,110,S,1.9933151388615653,80.37639794421632,0,0
2021-05-14,110,S,0.7318699608112456,77.65722931562564,0,0
2021-05-15,110,S,1.8376721114576573,82.27018647620534,1,0
2021-05-16,110,S,0.3408615469274678,56.62072597641623,1,0
2021-05-17,110,S,0.1290595347474349,22.62920663741635,1,0
2021-05-18,110,S,0.6758314457741138,70.40417260417198,1,0
2021-05-19,110,S,4.815575557945869,65.84264065467735,1,0
2021-05-20,110,S,2.747647679475085,76.80278684791784,1,0
2021-05-21,110,S,4.8291108057661,25.289290544566175,1,0
2021-05-22,110,S,2.16248939165066,27.54776799102603,1,0
2021-05-23,110,S,1.559080665426298,90.13685654973956,1,0
2021-05-24,110,S,2.5307093142012205,77.49800186068637,1,0
2021-05-25,110,S,2.1975584431645507,91.74056398302906,1,0
2021-05-26,110,S,0.5283234213087196,78.28437890475287,1,0
2021-05-27,110,S,3.204131573451031,63.743977539127165,1,0
2021-05-28,110,S,1.080190912547998,68.87194633250863,1,0
2021-05-29,110,S,3.097939774489148,90.0215131546009,1,0
2021-05-30,110,S,3.2510054619907667,62.09260790607465,1,0
2021-05-31,110,S,0.7601242656432405,66.91521918955488,1,0
2021-06-01,110,S,0.3067481355533408,24.08290444032405,1,0
2021-05-01,111,S,3.9038079303421993,52.652909810449245,0,0
2021-05-02,111,S,2.2990021188466008,74.4757400762289,0,0
2021-05-03,111,S,0.2908189775273789,34.384842848472886,0,0
2021-05-04,111,S,4.974331585848836,28.202876247208145,0,0
2021-05-05,111,S,0.2889028049818332,38.24441274019741,0,0
2021-05-06,111,S,3.475176144292766,31.73505651935501,0,0
2021-05-07,111,S,4.918394626317068,29.342137333275627,0,0
2021-05-08,111,S,1.195900521079628,48.23657585812782,0,0
2021-05-09,111,S,0.7112468434359809,91.70546624951808,0,0
2021-05-10,111,S,0.6069246971121445,55.63536820648464,0,0
2021-05-11,111,S,1.516375737837978,26.912834273379072,0,0
2021-05-12,111,S,0.5052290550532335,16.927450244278667,0,0
2021-05-13,111,S,3.46080670847066,72.65405306241327,0,0
2021-05-14,111,S,0.3114589906503134,44.4518887992749,0,0
2021-05-15,111,S,2.547110640748949,83.96478519268233,1,0
2021-05-16,111,S,4.983484269264884,69.35596917766932,1,0
2021-05-17,111,S,4.069851347530094,81.66173054872317,1,0
2021-05-18,111,S,3.0760971911550543,34.47514354766039,1,0
2021-05-19,111,S,1.5312681039330585,72.31230302149524,1,0
2021-05-20,111,S,3.1194791814581926,33.76557862243469,1,0
2021-05-21,111,S,2.6352073195582584,94.51616315052624,1,0
2021-05-22,111,S,2.130416919451857,67.2736853380037,1,0
2021-05-23,111,S,0.6535518837009974,39.20606201578079,1,0
2021-05-24,111,S,4.433021076202333,34.25606760630454,1,0
2021-05-25,111,S,2.2489232441066127,27.183392656447914,1,0
2021-05-26,111,S,0.9731125591038252,72.5176863004355,1,0
2021-05-27,111,S,1.838796754386448,29.684405169813456,1,0
2021-05-28,111,S,2.0706487626446357,63.57729393347402,1,0
2021-05-29,111,S,4.137689477834371,33.81715242328216,1,0
2021-05-30,111,S,3.6680719028070095,69.57720503144817,1,0
2021-05-31,111,S,3.846524468206699,83.34457556864852,1,0
2021-06-01,111,S,0.055156322143236,80.02227188301879,1,0
2021-05-01,127,S,2.0807699908988075,78.47661978377036,0,0
2021-05-02,127,S,2.4067207581766183,26.89501651230269,0,0
2021-05-03,127,S,0.0959613841152834,17.954645228606683,0,0
2021-05-04,127,S,1.299066043725171,72.9053945638647,0,0
2021-05-05,127,S,3.801449115610675,43.15124924149162,0,0
2021-05-06,127,S,0.6855485286449953,48.91116037630125,0,0
2021-05-07,127,S,2.6765506572629585,12.803418351405195,0,0
2021-05-08,127,S,1.0760093600861875,33.361880434754426,0,0
2021-05-09,127,S,0.0606038732194663,13.030876348701762,0,0
2021-05-10,127,S,1.2060072879977075,89.12671953411228,0,0
2021-05-11,127,S,4.879368774550269,31.90570148966774,0,0
2021-05-12,127,S,4.007685559414948,60.160345261570725,0,0
2021-05-13,127,S,4.797883221605167,13.508138859501738,0,0
2021-05-14,127,S,2.4392702196318123,70.01626521750923,0,0
2021-05-15,127,S,0.5486809933875175,39.07246111786844,1,0
2021-05-16,127,S,2.739797444868465,90.81272682618992,1,0
2021-05-17,127,S,2.2718866727998046,89.93063700406323,1,0
2021-05-18,127,S,4.22178541369808,39.2761556525573,1,0
2021-05-19,127,S,0.4904129039212229,91.08648061214213,1,0
2021-05-20,127,S,2.441205685108891,99.6541906148901,1,0
2021-05-21,127,S,0.7502433234699213,84.28740977115532,1,0
2021-05-22,127,S,1.6233796344502998,86.03842129797061,1,0
2021-05-23,127,S,3.686785386938998,32.41078624981809,1,0
2021-05-24,127,S,2.3800906468438328,61.90321589719807,1,0
2021-05-25,127,S,1.8794414257288468,16.05303225706311,1,0
2021-05-26,127,S,1.9723813928501768,18.542614313950278,1,0
2021-05-27,127,S,2.297233842029933,99.90033508299616,1,0
2021-05-28,127,S,3.925082719185285,39.39753244833199,1,0
2021-05-29,127,S,4.460423444701172,77.33655208439617,1,0
2021-05-30,127,S,4.776673432519641,82.59985477241348,1,0
2021-05-31,127,S,3.9345169312764754,87.22209439065062,1,0
2021-06-01,127,S,1.5770344787400636,99.78654676619408,1,0
2021-05-01,137,S,3.4406735304327105,31.734683673118106,0,1
2021-05-02,137,S,2.18801562027696,13.631574417372974,0,1
2021-05-03,137,S,1.2733531102302558,47.00723661951274,0,1
2021-05-04,137,S,4.204357897129613,21.707260284605223,0,1
2021-05-05,137,S,0.1921317448116249,12.018330024584962,0,1
2021-05-06,137,S,4.508809960677118,42.43841444273375,0,1
2021-05-07,137,S,2.307387323123671,80.53644259677128,0,1
2021-05-08,137,S,3.1860073840414023,60.95626221025638,0,1
2021-05-09,137,S,3.296769611028913,38.150019028931865,0,1
2021-05-10,137,S,4.475588703532682,68.89078049434477,0,1
2021-05-11,137,S,3.183348410836037,30.881636227792963,0,1
2021-05-12,137,S,3.069667923800309,11.294330146487653,0,1
2021-05-13,137,S,0.3332602028034498,78.79180477927846,0,1
2021-05-14,137,S,2.59204010972602,66.13687763776082,0,1
2021-05-15,137,S,0.7508450040852083,78.6072362050864,1,1
2021-05-16,137,S,3.687168843607428,13.504421501889905,1,1
2021-05-17,137,S,2.5611096040633723,85.34076650475869,1,1
2021-05-18,137,S,3.4011388960417666,65.7573580032673,1,1
2021-05-19,137,S,0.2083645030119213,60.70558156413761,1,1
2021-05-20,137,S,0.4239600802290161,66.21526433030783,1,1
2021-05-21,137,S,3.5816169403134115,87.79899221815276,1,1
2021-05-22,137,S,0.3604216799933668,62.82428559030164,1,1
2021-05-23,137,S,0.356283638826293,62.285534189936136,1,1
2021-05-24,137,S,0.0605423761744372,99.16112413591893,1,1
2021-05-25,137,S,4.7825069914974,78.10571503617112,1,1
2021-05-26,137,S,3.687541797295035,49.80644249060217,1,1
2021-05-27,137,S,1.7662570425103208,73.6657300029635,1,1
2021-05-28,137,S,1.4826779064382762,45.03074245226097,1,1
2021-05-29,137,S,1.7485161487292478,30.59879162351491,1,1
2021-05-30,137,S,3.873267655905909,63.716668919898346,1,1
2021-05-31,137,S,3.306853055352072,93.53638883025565,1,1
2021-06-01,137,S,0.9259778393373396,93.62255680139164,1,1
2021-05-01,146,S,0.8705466766704217,40.77147502949413,0,0
2021-05-02,146,S,0.4919782485669866,57.49097195995255,0,0
2021-05-03,146,S,3.301513598506691,29.047230871287507,0,0
2021-05-04,146,S,3.82186331110868,99.6067998548995,0,0
2021-05-05,146,S,1.32523214162502,98.30061170811422,0,0
2021-05-06,146,S,0.104724805154564,68.45580367367026,0,0
2021-05-07,146,S,0.4108583373821367,82.3972653709726,0,0
2021-05-08,146,S,4.839300174225152,74.359014515533,0,0
2021-05-09,146,S,1.4772238873871013,63.38423971355213,0,0
2021-05-10,146,S,3.846115739190668,14.801319729000792,0,0
2021-05-11,146,S,3.1233178442713188,50.9287908297395,0,0
2021-05-12,146,S,1.90969819826448,70.73076719506695,0,0
2021-05-13,146,S,1.0284363109777757,70.97784524953161,0,0
2021-05-14,146,S,0.6069320907970321,43.58103565801452,0,0
2021-05-15,146,S,3.075064840194333,94.75227879922276,1,0
2021-05-16,146,S,3.87316890318894,25.06213290131029,1,0
2021-05-17,146,S,3.219521267705653,55.03235015940046,1,0
2021-05-18,146,S,2.6515106662457915,72.17955788957406,1,0
2021-05-19,146,S,0.2097561171581813,72.74222253026284,1,0
2021-05-20,146,S,4.842443887971919,68.3775061091934,1,0
2021-05-21,146,S,3.9935709582728727,34.77593921066742,1,0
2021-05-22,146,S,1.4641101835048236,24.058591181795972,1,0
2021-05-23,146,S,4.899851646794254,67.23462941440397,1,0
2021-05-24,146,S,3.0094079481816105,63.9371904525494,1,0
2021-05-25,146,S,2.912113291036232,26.142040926031687,1,0
2021-05-26,146,S,3.7403658971476608,73.4625231013507,1,0
2021-05-27,146,S,4.058848940450687,50.96547925602908,1,0
2021-05-28,146,S,3.2823930366575134,70.09845324428376,1,0
2021-05-29,146,S,0.6404787318310001,85.36303717931357,1,0
2021-05-30,146,S,1.691337529972492,25.275558571923085,1,0
2021-05-31,146,S,4.640418201630249,11.723038119715302,1,0
2021-06-01,146,S,1.1230780592192595,80.11923277562082,1,0
2021-05-01,151,S,1.8608351191875667,64.87276826373544,0,0
2021-05-02,151,S,2.16038441472098,72.96756126599095,0,0
2021-05-03,151,S,2.197024948472261,85.43394774897783,0,0
2021-05-04,151,S,3.0646979124726275,82.25298413420505,0,0
2021-05-05,151,S,4.715379188723538,96.48281322359422,0,0
2021-05-06,151,S,1.203463559162525,58.23415709669064,0,0
2021-05-07,151,S,0.6075068815045903,53.96460693939148,0,0
2021-05-08,151,S,0.9873524492996866,46.16984799016571,0,0
2021-05-09,151,S,4.434624501046348,23.83219385597841,0,0
2021-05-10,151,S,3.2290540632760303,61.53465095938202,0,0
2021-05-11,151,S,1.4295339461958003,34.93112718933809,0,0
2021-05-12,151,S,4.079734694843086,92.9176760991678,0,0
2021-05-13,151,S,4.30684998181718,62.48717238493878,0,0
2021-05-14,151,S,4.232571693451391,63.35561624572991,0,0
2021-05-15,151,S,4.5946326681977725,41.9432194789309,1,0
2021-05-16,151,S,1.261205100866808,14.679041677993672,1,0
2021-05-17,151,S,3.775209643731392,12.856938883568976,1,0
2021-05-18,151,S,2.3026974863707,48.100162973787775,1,0
2021-05-19,151,S,4.209992764450307,17.610884028751407,1,0
2021-05-20,151,S,3.642453385808066,64.61622599861252,1,0
2021-05-21,151,S,3.882237232498623,89.28757050756917,1,0
2021-05-22,151,S,3.2808091884053576,89.462333486685,1,0
2021-05-23,151,S,0.8871438473485344,69.31408691190092,1,0
2021-05-24,151,S,2.7251345944846914,29.01086483256379,1,0
2021-05-25,151,S,4.923348697622541,87.66971482229849,1,0
2021-05-26,151,S,4.6869403324855945,89.74840917818874,1,0
2021-05-27,151,S,0.2158686789850583,27.698822645766285,1,0
2021-05-28,151,S,0.8240740786471856,76.36834771936095,1,0
2021-05-29,151,S,0.6586438672728095,35.78675940344107,1,0
2021-05-30,151,S,3.6298995499264777,82.23762811176367,1,0
2021-05-31,151,S,4.088926649284725,99.75141099132424,1,0
2021-06-01,151,S,1.0675568315533597,12.702340479645354,1,0
2021-05-01,153,S,2.529263464759145,90.76292792118387,0,0
2021-05-02,153,S,4.203515140056,66.03674802387923,0,0
2021-05-03,153,S,3.664007723831253,97.6044357248339,0,0
2021-05-04,153,S,2.7111860274592416,51.85085657737849,0,0
2021-05-05,153,S,2.9517384522938643,86.26491375142363,0,0
2021-05-06,153,S,2.5418027345814,15.61546617384495,0,0
2021-05-07,153,S,1.4877422565941028,40.175114507046615,0,0
2021-05-08,153,S,2.8251099642950805,16.031488397608896,0,0
2021-05-09,153,S,3.444426510250453,97.78088201311635,0,0
2021-05-10,153,S,4.366614579304039,83.5276516544653,0,0
2021-05-11,153,S,3.1814567698962404,86.72926791213735,0,0
2021-05-12,153,S,3.80560768521579,94.41687082905048,0,0
2021-05-13,153,S,0.800358174772865,17.659313750780683,0,0
2021-05-14,153,S,2.307787372098949,44.7037833262,0,0
2021-05-15,153,S,0.0466580991354664,16.393140013960192,1,0
2021-05-16,153,S,1.233394322608115,28.971379139502574,1,0
2021-05-17,153,S,3.632308575565024,30.642919933390512,1,0
2021-05-18,153,S,4.9590497567468175,52.21964899428208,1,0
2021-05-19,153,S,0.4958904979360795,34.17059507082783,1,0
2021-05-20,153,S,2.0074715793064413,19.0880296135985,1,0
2021-05-21,153,S,4.000354843495797,25.07419801846969,1,0
2021-05-22,153,S,1.0201781731444943,23.254800719688184,1,0
2021-05-23,153,S,2.7754247465114315,97.57691181210684,1,0
2021-05-24,153,S,3.665356480148374,78.33632562266263,1,0
2021-05-25,153,S,3.0799272513008957,97.09853187426056,1,0
2021-05-26,153,S,0.9401236730770808,49.57664378571177,1,0
2021-05-27,153,S,1.776922843428697,35.05316334963909,1,0
2021-05-28,153,S,3.9189589224269854,81.8463877488268,1,0
2021-05-29,153,S,2.771132570660084,39.36285262370321,1,0
2021-05-30,153,S,0.0261480677145636,36.94450363348135,1,0
2021-05-31,153,S,3.804953800140469,30.925539298704805,1,0
2021-06-01,153,S,0.1765567747011953,21.67110804018118,1,0
2021-05-01,159,S,3.728668913656161,33.08167549150894,0,1
2021-05-02,159,S,1.012402800826187,41.97877736264989,0,1
2021-05-03,159,S,4.790367400596901,70.65947873311573,0,1
2021-05-04,159,S,1.8397037565104224,15.630835799750642,0,1
2021-05-05,159,S,1.6346580816903955,28.945624569880867,0,1
2021-05-06,159,S,0.7444402516622234,82.81212762625087,0,1
2021-05-07,159,S,1.5280210774510743,23.22297312253937,0,1
2021-05-08,159,S,4.383253809141003,40.83806318702694,0,1
2021-05-09,159,S,4.981671688136236,87.8193029672326,0,1
2021-05-10,159,S,1.8415476525342416,23.94327800290984,0,1
2021-05-11,159,S,2.2430531547727126,17.44631520563709,0,1
2021-05-12,159,S,3.610354691013685,53.608419557200975,0,1
2021-05-13,159,S,4.430978902325372,37.21775601506828,0,1
2021-05-14,159,S,2.9652216709339205,60.70675280354687,0,1
2021-05-15,159,S,1.9576284908891468,82.34244014351276,1,1
2021-05-16,159,S,2.0631092042431187,22.34336393374689,1,1
2021-05-17,159,S,3.478090732484034,62.26291760988565,1,1
2021-05-18,159,S,0.0160913180213934,55.49578843508775,1,1
2021-05-19,159,S,3.097946687299204,22.96709074118796,1,1
2021-05-20,159,S,1.777465052206787,66.15986369760842,1,1
2021-05-21,159,S,3.9709866563854215,34.62763760746945,1,1
2021-05-22,159,S,0.4649531991156608,53.90508866896113,1,1
2021-05-23,159,S,2.9410113347419524,17.40450918493557,1,1
2021-05-24,159,S,2.404864449430619,51.36256514922607,1,1
2021-05-25,159,S,3.211627629526137,37.58171212385383,1,1
2021-05-26,159,S,0.3242679724148417,84.01430900668188,1,1
2021-05-27,159,S,2.899918937140656,15.128085429763145,1,1
2021-05-28,159,S,2.8074229397976187,47.67465474264969,1,1
2021-05-29,159,S,2.8033004720808545,51.25882817182942,1,1
2021-05-30,159,S,3.017438332982274,75.25054686692069,1,1
2021-05-31,159,S,3.382339686131811,61.68588175811899,1,1
2021-06-01,159,S,4.024944998403849,70.0491103474763,1,1
2021-05-01,163,S,1.3491036006410717,79.93443570865806,0,1
2021-05-02,163,S,4.125247050900311,87.59826762923699,0,1
2021-05-03,163,S,2.491278411317268,38.24879470502235,0,1
2021-05-04,163,S,0.3852913956716558,58.42204348275126,0,1
2021-05-05,163,S,0.292754646219896,85.60972705952798,0,1
2021-05-06,163,S,1.671191593480304,99.05060178685508,0,1
2021-05-07,163,S,3.9244848855573378,90.05673799393868,0,1
2021-05-08,163,S,3.5384046737045787,43.43205363619391,0,1
2021-05-09,163,S,3.943074823362032,27.564986549678537,0,1
2021-05-10,163,S,2.586345282208047,54.04532836659298,0,1
2021-05-11,163,S,2.200994989777453,76.74773066524381,0,1
2021-05-12,163,S,0.7372626335314197,54.33121636779679,0,1
2021-05-13,163,S,1.6409637680465576,53.48627769823017,0,1
2021-05-14,163,S,2.1700968308693764,85.44073789736206,0,1
2021-05-15,163,S,0.4430021483980861,42.52634011604677,1,1
2021-05-16,163,S,1.1030597635560562,87.3815207330481,1,1
2021-05-17,163,S,2.991126470318694,46.61243208565512,1,1
2021-05-18,163,S,3.678315571195949,39.54097951105055,1,1
2021-05-19,163,S,4.991737556964749,50.85909200797291,1,1
2021-05-20,163,S,4.665566656717789,78.62022628073817,1,1
2021-05-21,163,S,3.212825997675957,21.340182507759486,1,1
2021-05-22,163,S,2.10624026647036,27.67772942848157,1,1
2021-05-23,163,S,3.180886823541164,95.63003430967828,1,1
2021-05-24,163,S,3.92825809040116,25.794246464322164,1,1
2021-05-25,163,S,0.5916809546169366,61.09545861379491,1,1
2021-05-26,163,S,2.049524448481441,62.13830199957441,1,1
2021-05-27,163,S,4.199011428178086,54.066201584522034,1,1
2021-05-28,163,S,1.91916475966522,68.02707237191368,1,1
2021-05-29,163,S,2.859361356135933,30.684405321785658,1,1
2021-05-30,163,S,2.938846804310991,59.73960409990734,1,1
2021-05-31,163,S,0.9223812656681968,43.49559297222074,1,1
2021-06-01,163,S,1.811177208261442,69.55005336662701,1,1
2021-05-01,168,S,1.6725564437096607,22.71011890358345,0,1
2021-05-02,168,S,0.1309835426603239,61.37896751555286,0,1
2021-05-03,168,S,0.1209588194567762,26.674331984499133,0,1
2021-05-04,168,S,4.158485218378868,35.07787568035327,0,1
2021-05-05,168,S,1.3653540498640622,29.68388202912249,0,1
2021-05-06,168,S,2.5903938311940773,26.45540018819354,0,1
2021-05-07,168,S,1.4936278679438653,84.31398564046003,0,1
2021-05-08,168,S,4.703396225576703,35.71368108948013,0,1
2021-05-09,168,S,1.2964837943288687,93.44114036780044,0,1
2021-05-10,168,S,2.148284063694676,97.29338728106718,0,1
2021-05-11,168,S,4.3636512524230096,61.41344229433876,0,1
2021-05-12,168,S,4.209667833959044,22.870101039915376,0,1
2021-05-13,168,S,0.9305070892313866,43.70934190416232,0,1
2021-05-14,168,S,4.013216548978552,81.79590370133926,0,1
2021-05-15,168,S,2.290934433689463,43.06516558273634,1,1
2021-05-16,168,S,2.414844360426776,17.831549647250988,1,1
2021-05-17,168,S,0.6673998620797189,60.11064198353692,1,1
2021-05-18,168,S,0.4030075687856232,86.06087663464314,1,1
2021-05-19,168,S,3.639696534868826,81.63337484291522,1,1
2021-05-20,168,S,2.482305761776499,25.76108261173179,1,1
2021-05-21,168,S,2.1842535130758978,70.548815297122,1,1
2021-05-22,168,S,3.647541143261984,29.84538370920824,1,1
2021-05-23,168,S,3.8275644949555487,29.6386781096955,1,1
2021-05-24,168,S,0.7945408383467678,88.66645959746667,1,1
2021-05-25,168,S,3.0511257473882063,32.470205746620714,1,1
2021-05-26,168,S,0.6767704113884276,33.69226118662101,1,1
2021-05-27,168,S,3.756875430145228,10.05880516851696,1,1
2021-05-28,168,S,3.2847757813356977,88.36021307129658,1,1
2021-05-29,168,S,4.78307310541729,81.33353318882213,1,1
2021-05-30,168,S,0.3447900817821059,66.45960415816103,1,1
2021-05-31,168,S,0.2852736057562716,77.52391875449581,1,1
2021-06-01,168,S,1.4109353734660006,23.684371068204264,1,1
2021-05-01,173,S,1.3085284186795298,51.24912351288179,0,0
2021-05-02,173,S,1.234893995359999,41.60974486139028,0,0
2021-05-03,173,S,4.531272902605183,18.439887363131483,0,0
2021-05-04,173,S,1.2477309992475305,53.75174366934317,0,0
2021-05-05,173,S,1.359748630643155,92.86656853083718,0,0
2021-05-06,173,S,3.796991312089818,13.605320714562502,0,0
2021-05-07,173,S,2.2486992122527,36.23148221444145,0,0
2021-05-08,173,S,3.883552784775906,28.67868425851331,0,0
2021-05-09,173,S,0.3268307878219262,31.43319882991267,0,0
2021-05-10,173,S,2.4378559683669216,91.75910966914375,0,0
2021-05-11,173,S,0.1680680009164131,52.12621488108611,0,0
2021-05-12,173,S,0.3132660172767726,51.966947164583694,0,0
2021-05-13,173,S,4.532187266722055,78.4518078209754,0,0
2021-05-14,173,S,0.6962268555879758,23.90429836044332,0,0
2021-05-15,173,S,2.6621034113760853,53.85388186900457,1,0
2021-05-16,173,S,2.055478013003533,48.69866927089537,1,0
2021-05-17,173,S,1.7367166312942133,63.72196214919905,1,0
2021-05-18,173,S,4.499166728436363,99.96019329253949,1,0
2021-05-19,173,S,0.1091169838774475,79.25040046738424,1,0
2021-05-20,173,S,3.3189484308779456,45.807913271568445,1,0
2021-05-21,173,S,4.816972171067752,84.47977470466422,1,0
2021-05-22,173,S,2.80084091730921,25.36375269812321,1,0
2021-05-23,173,S,4.684112310165459,12.74173176780641,1,0
2021-05-24,173,S,0.2612893964301188,28.400353521784574,1,0
2021-05-25,173,S,2.093966595370807,40.637040050283375,1,0
2021-05-26,173,S,1.3007889548102558,55.95226817136039,1,0
2021-05-27,173,S,3.6541048249036487,65.36162264870799,1,0
2021-05-28,173,S,4.906485452486233,91.95451454929795,1,0
2021-05-29,173,S,1.282650312221239,55.8868608595412,1,0
2021-05-30,173,S,3.270873007370372,55.11480801631564,1,0
2021-05-31,173,S,0.9904881637987006,14.521870884068392,1,0
2021-06-01,173,S,2.826651272858049,13.142039739060143,1,0
2021-05-01,175,S,2.319662433441681,59.60439657247348,0,0
2021-05-02,175,S,4.860026648157685,49.436075192351005,0,0
2021-05-03,175,S,3.042636363482333,85.52623554822688,0,0
2021-05-04,175,S,1.747531860434094,24.461162624066063,0,0
2021-05-05,175,S,0.5704789244396669,12.247449590534464,0,0
2021-05-06,175,S,0.7562341436746728,50.41348911371133,0,0
2021-05-07,175,S,1.1265846497561751,31.37307010770317,0,0
2021-05-08,175,S,1.25483330670149,14.46529360049537,0,0
2021-05-09,175,S,4.253080289205689,75.21384581628661,0,0
2021-05-10,175,S,2.8061139414126246,20.043369996152272,0,0
2021-05-11,175,S,2.616954556871832,64.74875500069945,0,0
2021-05-12,175,S,0.5738443593460874,35.29447751502002,0,0
2021-05-13,175,S,4.300698466747175,25.61464453195198,0,0
2021-05-14,175,S,3.6140715160424186,44.17763706273857,0,0
2021-05-15,175,S,0.3383418095000079,82.13011986006583,1,0
2021-05-16,175,S,3.539175486148843,45.28842192141154,1,0
2021-05-17,175,S,2.7176910867132302,77.56926842899502,1,0
2021-05-18,175,S,0.4086267287338913,21.29376671192356,1,0
2021-05-19,175,S,2.291503207643282,79.54942776985712,1,0
2021-05-20,175,S,2.4234814356502348,31.32399924159838,1,0
2021-05-21,175,S,0.8288727008163788,70.96538168999855,1,0
2021-05-22,175,S,4.728490735001412,60.92033993568967,1,0
2021-05-23,175,S,4.24987685740331,93.62302454905186,1,0
2021-05-24,175,S,3.345111686645541,44.85902661777826,1,0
2021-05-25,175,S,2.311477805003036,15.95486699509964,1,0
2021-05-26,175,S,2.0588277079225428,11.72399369961276,1,0
2021-05-27,175,S,3.2548673357547706,84.41727048754778,1,0
2021-05-28,175,S,2.7271593470345272,57.226207389528895,1,0
2021-05-29,175,S,0.3113655294094281,79.77196466514543,1,0
2021-05-30,175,S,2.5625132438516585,31.09830400103632,1,0
2021-05-31,175,S,4.032018086164197,41.05753709619104,1,0
2021-06-01,175,S,2.29619938798479,12.709348499018704,1,0
2021-05-01,177,S,0.259782887771342,96.53430921167008,0,0
2021-05-02,177,S,3.9313909969201655,70.10811160307321,0,0
2021-05-03,177,S,1.006818910679872,93.98845789833756,0,0
2021-05-04,177,S,1.293104174440194,33.89467666861651,0,0
2021-05-05,177,S,0.8235317671614795,65.03172501030947,0,0
2021-05-06,177,S,1.6510753243574876,71.0649971463374,0,0
2021-05-07,177,S,3.783757528443175,38.57947302318296,0,0
2021-05-08,177,S,2.5969292975196865,86.32983115140671,0,0
2021-05-09,177,S,1.024406370753563,95.24453166102232,0,0
2021-05-10,177,S,4.3891503907602045,89.63696059264039,0,0
2021-05-11,177,S,4.397909274757646,76.51602783454352,0,0
2021-05-12,177,S,4.352892125230035,34.971821175245864,0,0
2021-05-13,177,S,1.1939810569076963,35.34544378950686,0,0
2021-05-14,177,S,2.2561967209049403,96.7024288401434,0,0
2021-05-15,177,S,4.924948280704376,10.925604634212284,1,0
2021-05-16,177,S,3.860062381549952,74.44449759179301,1,0
2021-05-17,177,S,0.1358371061277991,73.5621546299736,1,0
2021-05-18,177,S,0.3260229563024602,66.04205868548178,1,0
2021-05-19,177,S,2.319656884061664,99.10979614781792,1,0
2021-05-20,177,S,4.546101029307801,38.06914921873527,1,0
2021-05-21,177,S,2.693508989763571,40.597467741392336,1,0
2021-05-22,177,S,2.4890625401714512,17.10454626519,1,0
2021-05-23,177,S,0.5273684997831529,49.85183228893637,1,0
2021-05-24,177,S,3.2839005236214702,33.49436736113633,1,0
2021-05-25,177,S,4.110515803001127,40.90480319598798,1,0
2021-05-26,177,S,1.902100037537812,85.11146112300649,1,0
2021-05-27,177,S,3.8780592546266375,94.1936062174746,1,0
2021-05-28,177,S,4.8223832695040585,26.715976480466708,1,0
2021-05-29,177,S,1.0188322956384457,43.52580383981193,1,0
2021-05-30,177,S,2.6166481559737065,93.57675059038549,1,0
2021-05-31,177,S,1.4356897904228778,15.562761462030036,1,0
2021-06-01,177,S,3.9642720951691968,18.312447530024063,1,0
2021-05-01,179,S,2.887966829405788,24.651189028560644,0,0
2021-05-02,179,S,3.1729120877515187,63.56915507141873,0,0
2021-05-03,179,S,3.989570798079471,23.54250439053977,0,0
2021-05-04,179,S,1.9798523633122744,97.126874330566,0,0
2021-05-05,179,S,4.575450342035216,50.20430745326683,0,0
2021-05-06,179,S,2.6651443362307,55.13661643151497,0,0
2021-05-07,179,S,0.78977411417674,32.19927542248658,0,0
2021-05-08,179,S,3.4794955908440124,52.38642271912602,0,0
2021-05-09,179,S,3.966306752191272,69.57222693733104,0,0
2021-05-10,179,S,1.5838083853376332,77.60594232586385,0,0
2021-05-11,179,S,4.285896284993765,77.84812744389217,0,0
2021-05-12,179,S,4.530716273828832,62.01020014246795,0,0
2021-05-13,179,S,1.3845224368890443,91.39237974944714,0,0
2021-05-14,179,S,4.91760736357611,83.56670625754984,0,0
2021-05-15,179,S,0.7035576402437921,78.1343303228763,1,0
2021-05-16,179,S,1.01007834201245,15.004496951241457,1,0
2021-05-17,179,S,0.9211241961901306,10.619016599768438,1,0
2021-05-18,179,S,4.469948550039352,29.120254947592567,1,0
2021-05-19,179,S,3.271462761624809,69.7171234522107,1,0
2021-05-20,179,S,0.7605214161113644,47.007773999429126,1,0
2021-05-21,179,S,2.201617091841745,46.21656333693806,1,0
2021-05-22,179,S,3.07649012534901,89.61281994066523,1,0
2021-05-23,179,S,0.4173204249469164,90.60065633186548,1,0
2021-05-24,179,S,4.412081842036693,91.82577376482271,1,0
2021-05-25,179,S,4.018017677207676,38.24902688635245,1,0
2021-05-26,179,S,2.526033867883191,72.19502314653356,1,0
2021-05-27,179,S,4.835633076295852,34.44698631469326,1,0
2021-05-28,179,S,2.0888048963754984,27.15488497670048,1,0
2021-05-29,179,S,4.920551595182489,26.616921161263228,1,0
2021-05-30,179,S,3.339599994018135,40.78968587772346,1,0
2021-05-31,179,S,3.173356366269707,48.69618578018395,1,0
2021-06-01,179,S,0.829774476478925,84.78542539495615,1,0
2021-05-01,183,S,4.40963879152322,20.79019841254409,0,1
2021-05-02,183,S,2.137448439603076,76.14332626554048,0,1
2021-05-03,183,S,0.8111670289123968,57.83094227703748,0,1
2021-05-04,183,S,0.0630375998787952,35.91508084083932,0,1
2021-05-05,183,S,2.7987784181919126,54.353762607954216,0,1
2021-05-06,183,S,2.6369981106133817,36.99478627993204,0,1
2021-05-07,183,S,3.596768111845793,63.64737597144754,0,1
2021-05-08,183,S,4.4512902650890105,49.04595305697198,0,1
2021-05-09,183,S,0.3970329232151476,24.796497617099085,0,1
2021-05-10,183,S,3.657482451701812,20.492476710012703,0,1
2021-05-11,183,S,0.9370597204879112,59.20261138649171,0,1
2021-05-12,183,S,4.290885265785819,91.21717299574932,0,1
2021-05-13,183,S,4.09531756930828,40.956191790191696,0,1
2021-05-14,183,S,2.7039687749277217,75.97000965003609,0,1
2021-05-15,183,S,3.5512139931165576,69.27952194457902,1,1
2021-05-16,183,S,1.5717505659187418,93.83994228785328,1,1
2021-05-17,183,S,2.3558394946640733,83.88829155692268,1,1
2021-05-18,183,S,4.108184488552358,60.99447330149167,1,1
2021-05-19,183,S,2.2963259858660696,69.13274484106967,1,1
2021-05-20,183,S,1.788991326627209,90.85478199256312,1,1
2021-05-21,183,S,2.4710622362515,45.95669061282413,1,1
2021-05-22,183,S,4.141246262186092,39.41152352719996,1,1
2021-05-23,183,S,1.6760402368543637,10.97299752716767,1,1
2021-05-24,183,S,0.868807965678719,84.38959667723178,1,1
2021-05-25,183,S,3.560070101653904,82.08826303630283,1,1
2021-05-26,183,S,4.129891063540409,19.400906629013623,1,1
2021-05-27,183,S,0.5031873926176667,61.91716430194303,1,1
2021-05-28,183,S,1.1993705637797236,51.75835283501986,1,1
2021-05-29,183,S,0.7098599488049695,20.683818595820032,1,1
2021-05-30,183,S,1.7397070579108331,98.25114043546512,1,1
2021-05-31,183,S,2.251754894527063,29.322629871701988,1,1
2021-06-01,183,S,3.744131684816532,16.051076208150505,1,1
2021-05-01,186,S,3.2557379244083706,63.53626415517186,0,1
2021-05-02,186,S,3.104642837392156,76.49800094197295,0,1
2021-05-03,186,S,1.761874733048272,12.919910144246828,0,1
2021-05-04,186,S,4.2072377654238,69.28458748543198,0,1
2021-05-05,186,S,2.3564358369908227,57.9062688356309,0,1
2021-05-06,186,S,4.8955246900757725,19.29385079875436,0,1
2021-05-07,186,S,3.170710691478684,25.527148925172582,0,1
2021-05-08,186,S,0.6313237078225137,61.11768675844725,0,1
2021-05-09,186,S,3.3808878103771702,36.67218521619596,0,1
2021-05-10,186,S,1.625520077158495,94.44841557861844,0,1
2021-05-11,186,S,3.4316359834304877,83.68662065356457,0,1
2021-05-12,186,S,0.3482057408120287,98.52104858622968,0,1
2021-05-13,186,S,0.8744071858797969,33.370375505537254,0,1
2021-05-14,186,S,4.278686294528932,97.27512695181794,0,1
2021-05-15,186,S,1.1358977851175744,48.81104828124021,1,1
2021-05-16,186,S,4.1852056262147,41.27669157823792,1,1
2021-05-17,186,S,1.396380442272052,14.531457427241792,1,1
2021-05-18,186,S,3.214409550293538,14.748873207364236,1,1
2021-05-19,186,S,3.4707528675491552,72.28101303519892,1,1
2021-05-20,186,S,2.5632737657252647,51.213609499062514,1,1
2021-05-21,186,S,1.5265533834836564,30.386946343249512,1,1
2021-05-22,186,S,1.0632218818554806,65.25732756927093,1,1
2021-05-23,186,S,0.1659467728121311,32.75723064251001,1,1
2021-05-24,186,S,1.519732006203619,61.98685789099803,1,1
2021-05-25,186,S,3.265813952656415,42.32878722844213,1,1
2021-05-26,186,S,4.691524092242413,84.11970039506372,1,1
2021-05-27,186,S,4.35602241131526,83.86265446901014,1,1
2021-05-28,186,S,3.830323882676513,52.96153583101612,1,1
2021-05-29,186,S,3.9422367162664935,41.5737198401514,1,1
2021-05-30,186,S,3.3249245173799764,42.63038169031851,1,1
2021-05-31,186,S,1.301434287830015,82.51430731013961,1,1
2021-06-01,186,S,4.535975153529149,39.53615345178508,1,1
2021-05-01,187,S,3.3536615595291703,28.81534363361614,0,1
2021-05-02,187,S,2.8022031549022,17.621950768777616,0,1
2021-05-03,187,S,0.5549473460674054,52.00238087959676,0,1
2021-05-04,187,S,2.235277719032127,53.391888902785766,0,1
2021-05-05,187,S,2.3017913560096317,85.68178393626164,0,1
2021-05-06,187,S,4.3228180476133495,29.91148268014576,0,1
2021-05-07,187,S,2.733241100938942,44.28921463015599,0,1
2021-05-08,187,S,1.902002744852048,82.75651650043218,0,1
2021-05-09,187,S,4.884001642553296,84.12612496740762,0,1
2021-05-10,187,S,0.5536029666315784,44.61499683808914,0,1
2021-05-11,187,S,2.112742141559723,51.32116209580128,0,1
2021-05-12,187,S,0.2101233758570264,37.29573017643546,0,1
2021-05-13,187,S,3.699520603834652,93.92993905773808,0,1
2021-05-14,187,S,4.5903827609957535,20.677938916742228,0,1
2021-05-15,187,S,1.4001866477524472,94.0374480701323,1,1
2021-05-16,187,S,4.291708383995604,71.54798066518089,1,1
2021-05-17,187,S,1.4610911523094887,57.841493741805806,1,1
2021-05-18,187,S,4.553850808219576,12.93931547060463,1,1
2021-05-19,187,S,3.76980951798392,52.803657263980746,1,1
2021-05-20,187,S,4.024533884207193,46.6973294502459,1,1
2021-05-21,187,S,0.0900327780022725,24.50969307776103,1,1
2021-05-22,187,S,4.81405178537013,69.07686431505911,1,1
2021-05-23,187,S,3.633354960351616,97.40358166314572,1,1
2021-05-24,187,S,1.5237554769306665,60.59699299580726,1,1
2021-05-25,187,S,4.146973324294235,74.32779487995512,1,1
2021-05-26,187,S,1.4076059920746498,16.160540730941513,1,1
2021-05-27,187,S,4.363769197830639,47.59002962352952,1,1
2021-05-28,187,S,0.5629019520596851,20.47226366480463,1,1
2021-05-29,187,S,3.518429887303979,65.15162519828593,1,1
2021-05-30,187,S,2.7034923832245514,94.46339423927392,1,1
2021-05-31,187,S,0.482672350977204,69.55999592244746,1,1
2021-06-01,187,S,1.209469141294195,16.912274348297938,1,1
2021-05-01,189,S,0.0620201813865739,41.919958448657454,0,0
2021-05-02,189,S,2.343839827322529,59.55970414967664,0,0
2021-05-03,189,S,1.506326303800002,46.2886980519927,0,0
2021-05-04,189,S,2.991787421488794,85.0279609427655,0,0
2021-05-05,189,S,1.486189038543086,83.32039042389903,0,0
2021-05-06,189,S,1.4995955575349234,65.06479180928993,0,0
2021-05-07,189,S,3.715965993658017,43.61121506194348,0,0
2021-05-08,189,S,0.2407141798917672,32.98027363869197,0,0
2021-05-09,189,S,4.514474975959936,19.52868863918164,0,0
2021-05-10,189,S,4.261319371955907,41.94079151378986,0,0
2021-05-11,189,S,3.3390234161320325,47.18552654869476,0,0
2021-05-12,189,S,2.9661078505369214,70.82406325936662,0,0
2021-05-13,189,S,4.4615124906982615,69.23438418678161,0,0
2021-05-14,189,S,0.9266508976435722,16.309732567713127,0,0
2021-05-15,189,S,0.394845810954143,45.5733383888042,1,0
2021-05-16,189,S,1.1975508495476903,26.360098049562573,1,0
2021-05-17,189,S,3.972891393500952,24.113143478512512,1,0
2021-05-18,189,S,0.1733513336324166,84.45719347635213,1,0
2021-05-19,189,S,2.914034175417448,13.772369504463178,1,0
2021-05-20,189,S,4.977187580956549,47.72645883119092,1,0
2021-05-21,189,S,4.278480469187697,25.13832901898664,1,0
2021-05-22,189,S,2.607228445217947,89.13971941106266,1,0
2021-05-23,189,S,0.3182045464332117,60.13364619475316,1,0
2021-05-24,189,S,4.156867571928549,30.824257273916324,1,0
2021-05-25,189,S,2.9948925408860525,55.218455844973874,1,0
2021-05-26,189,S,0.5746649852978342,75.83377237328042,1,0
2021-05-27,189,S,0.469286424116781,96.23062080274904,1,0
2021-05-28,189,S,4.548134097182962,29.840140382087704,1,0
2021-05-29,189,S,3.346001314690392,89.75635949164106,1,0
2021-05-30,189,S,4.146433996583777,94.08737027507412,1,0
2021-05-31,189,S,4.394894501411336,92.47784900788596,1,0
2021-06-01,189,S,2.858861760241611,67.18729211757189,1,0
2021-05-01,190,S,2.5872317587752063,66.68385889912369,0,0
2021-05-02,190,S,2.152137051604951,46.28895698654405,0,0
2021-05-03,190,S,1.5847329389555964,77.71580940734091,0,0
2021-05-04,190,S,2.172979804293558,57.81646165158387,0,0
2021-05-05,190,S,3.869398278650782,70.9694264105465,0,0
2021-05-06,190,S,3.0096171550756576,48.56121134639159,0,0
2021-05-07,190,S,4.462616449774231,75.83468176388251,0,0
2021-05-08,190,S,2.216900071895939,84.20243658440941,0,0
2021-05-09,190,S,3.03544789359377,23.17926309425345,0,0
2021-05-10,190,S,3.156537765459944,84.96367440168052,0,0
2021-05-11,190,S,2.958485811531628,58.62668786112765,0,0
2021-05-12,190,S,3.513168865427581,86.01993181812018,0,0
2021-05-13,190,S,1.1871673418740314,48.81715357069132,0,0
2021-05-14,190,S,2.561818887728953,44.11364368447315,0,0
2021-05-15,190,S,0.5211240140417384,92.35546592655,1,0
2021-05-16,190,S,1.9225566382240624,32.60523407935612,1,0
2021-05-17,190,S,2.438335343106322,85.97910927575288,1,0
2021-05-18,190,S,3.2611212977273625,53.56185152584637,1,0
2021-05-19,190,S,4.752655262931017,56.268589829613376,1,0
2021-05-20,190,S,3.0032553327417792,37.76214533405356,1,0
2021-05-21,190,S,3.717969580882799,61.57379805571141,1,0
2021-05-22,190,S,2.5313302974760137,39.26900766485902,1,0
2021-05-23,190,S,3.170520156881657,13.534247281748709,1,0
2021-05-24,190,S,0.3546610806688671,34.479874480992045,1,0
2021-05-25,190,S,1.271957904209235,10.574113906593162,1,0
2021-05-26,190,S,1.8092654660256933,98.05193083511708,1,0
2021-05-27,190,S,2.362466775032568,96.91724888377728,1,0
2021-05-28,190,S,0.2282437275119186,45.56397677250745,1,0
2021-05-29,190,S,0.7001204877665884,75.55337689056815,1,0
2021-05-30,190,S,1.3840715389565288,41.12254885693825,1,0
2021-05-31,190,S,4.8576634545052535,70.39838413773785,1,0
2021-06-01,190,S,1.6567350355152537,82.48870387413812,1,0
2021-05-01,192,S,2.4102052905604125,95.20806202230166,0,0
2021-05-02,192,S,0.9804885636919648,46.01910482647048,0,0
2021-05-03,192,S,3.053900355378841,80.49681846604429,0,0
2021-05-04,192,S,1.4034160775798714,33.93356055689069,0,0
2021-05-05,192,S,1.034962892192134,99.12990734142836,0,0
2021-05-06,192,S,2.582863142229895,12.319263888791603,0,0
2021-05-07,192,S,0.0275289958021041,64.31759258510088,0,0
2021-05-08,192,S,0.0383201632461266,69.35553834861943,0,0
2021-05-09,192,S,1.0953440455092889,71.9241001366716,0,0
2021-05-10,192,S,0.1836068125041057,20.83488209101801,0,0
2021-05-11,192,S,0.5401287706534569,94.46768051258174,0,0
2021-05-12,192,S,1.694303246693758,26.30649511450745,0,0
2021-05-13,192,S,4.012928397899064,66.04780629158569,0,0
2021-05-14,192,S,2.860243216846504,30.040847121077647,0,0
2021-05-15,192,S,2.563338629782082,37.64947753191439,1,0
2021-05-16,192,S,1.4674441160406082,59.18126875553119,1,0
2021-05-17,192,S,4.658768597164082,47.547407670811886,1,0
2021-05-18,192,S,1.9850752061859585,24.420304087885565,1,0
2021-05-19,192,S,0.4354638339788574,25.384276217876348,1,0
2021-05-20,192,S,3.0853325805890064,47.63303093465197,1,0
2021-05-21,192,S,0.569191967383007,78.15546804479507,1,0
2021-05-22,192,S,1.7261157140084604,90.81681821630096,1,0
2021-05-23,192,S,2.537059693589044,17.571489603344457,1,0
2021-05-24,192,S,4.371112623425879,45.3793516803461,1,0
2021-05-25,192,S,2.467732901700593,19.0221007350589,1,0
2021-05-26,192,S,3.5112938301583214,11.49332325693381,1,0
2021-05-27,192,S,4.964084194995352,69.5546814379561,1,0
2021-05-28,192,S,0.6574455994899081,64.2204497769929,1,0
2021-05-29,192,S,1.3736576275975976,24.67172024333976,1,0
2021-05-30,192,S,1.972880377988232,31.04315497837577,1,0
2021-05-31,192,S,2.109140892694157,12.133697828006651,1,0
2021-06-01,192,S,2.0551053763277287,85.14524851249634,1,0
2021-05-01,193,S,4.538055012782775,97.72215364436964,0,0
2021-05-02,193,S,3.570163222334282,22.191358311522173,0,0
2021-05-03,193,S,3.039526070453519,30.832769238876832,0,0
2021-05-04,193,S,1.5468635893139104,88.15685715522406,0,0
2021-05-05,193,S,4.118951921106474,93.38174181605665,0,0
2021-05-06,193,S,4.775302557424944,47.76646445261293,0,0
2021-05-07,193,S,4.105991412751132,14.55602250421667,0,0
2021-05-08,193,S,0.0078255259573645,13.545265032353749,0,0
2021-05-09,193,S,3.182006850917035,61.65548794621094,0,0
2021-05-10,193,S,0.2556769072105036,45.36055980038611,0,0
2021-05-11,193,S,1.2880361016686093,12.578718481988906,0,0
2021-05-12,193,S,0.2976235017388584,62.49271530813011,0,0
2021-05-13,193,S,3.0189772647469386,11.017228293012025,0,0
2021-05-14,193,S,3.4329495674630337,80.86347623343457,0,0
2021-05-15,193,S,0.5724381903295256,37.57895404330344,1,0
2021-05-16,193,S,1.9191944152248972,13.623220270830888,1,0
2021-05-17,193,S,2.2811825447777103,62.9516998884838,1,0
2021-05-18,193,S,1.845265108804583,45.79159729897492,1,0
2021-05-19,193,S,0.6051250024259652,97.64203720214346,1,0
2021-05-20,193,S,2.0947389509373773,58.9778796253332,1,0
2021-05-21,193,S,3.7558902390420905,34.771526293330744,1,0
2021-05-22,193,S,0.3550383226662773,73.84949781705774,1,0
2021-05-23,193,S,0.4009000704095172,34.43428022884402,1,0
2021-05-24,193,S,1.773856459179921,91.38189622668088,1,0
2021-05-25,193,S,4.708628558094626,43.72497734566388,1,0
2021-05-26,193,S,3.3428632336145703,59.48817064985847,1,0
2021-05-27,193,S,3.393349783362824,14.551579344180595,1,0
2021-05-28,193,S,1.8095999541893248,48.35091141570077,1,0
2021-05-29,193,S,2.9683039560426923,84.91271856948954,1,0
2021-05-30,193,S,0.0506559201387168,82.50839248270077,1,0
2021-05-31,193,S,3.180480232047711,30.188670296817364,1,0
2021-06-01,193,S,4.566434737881184,30.34711639095064,1,0
2021-05-01,195,S,3.062867341724096,83.55747809919131,0,0
2021-05-02,195,S,4.368492967331726,93.7358578152393,0,0
2021-05-03,195,S,3.619865277330469,18.58248291457032,0,0
2021-05-04,195,S,0.6027920820184512,50.50527754836028,0,0
2021-05-05,195,S,4.512266536429209,40.370885106780605,0,0
2021-05-06,195,S,0.3322192217788744,88.36196099116954,0,0
2021-05-07,195,S,2.6698373627388188,17.51724232120169,0,0
2021-05-08,195,S,0.7106856189672883,29.001334830223367,0,0
2021-05-09,195,S,0.0585330536545203,77.72215038278449,0,0
2021-05-10,195,S,2.110171300638195,14.616446408309402,0,0
2021-05-11,195,S,1.475203538270781,54.32818426428604,0,0
2021-05-12,195,S,2.430002468988015,49.7896331211748,0,0
2021-05-13,195,S,2.885999433672754,40.09610610898738,0,0
2021-05-14,195,S,0.2186953615447368,45.51150837870314,0,0
2021-05-15,195,S,0.6150164756187282,57.694652823720965,1,0
2021-05-16,195,S,2.793211982252126,24.52306225495448,1,0
2021-05-17,195,S,1.7158367658632911,61.47962904552335,1,0
2021-05-18,195,S,3.64586743774724,82.48890963699877,1,0
2021-05-19,195,S,3.2614582429596983,78.41448368111432,1,0
2021-05-20,195,S,4.228021814949534,23.85099142243963,1,0
2021-05-21,195,S,3.4624641333461263,23.43245227673265,1,0
2021-05-22,195,S,2.149655386950741,34.1356930970422,1,0
2021-05-23,195,S,3.364833111972162,42.49672537069335,1,0
2021-05-24,195,S,1.3769058712770923,46.76100232676343,1,0
2021-05-25,195,S,1.5315674938910635,71.17274951500107,1,0
2021-05-26,195,S,3.944925799603967,15.101238894925189,1,0
2021-05-27,195,S,2.2320975820079108,13.120543380345977,1,0
2021-05-28,195,S,3.9919017025917625,45.27195066495181,1,0
2021-05-29,195,S,4.112111868341392,72.74473229241823,1,0
2021-05-30,195,S,4.287811688306419,27.40918086608343,1,0
2021-05-31,195,S,4.583176179206037,67.73540331306265,1,0
2021-06-01,195,S,2.154926102566481,33.38453241462695,1,0
2021-05-01,196,S,1.594334091605694,89.74774979321647,0,1
2021-05-02,196,S,2.910993732970569,90.61209498399548,0,1
2021-05-03,196,S,1.855862117188138,36.75584838531938,0,1
2021-05-04,196,S,3.0053708340011647,30.699437856691645,0,1
2021-05-05,196,S,3.527929313219123,47.017357485960815,0,1
2021-05-06,196,S,3.442025092460685,31.647842666213386,0,1
2021-05-07,196,S,1.8727644351006068,70.51454589625334,0,1
2021-05-08,196,S,0.8343010084937641,84.34582160934569,0,1
2021-05-09,196,S,2.1526466923110377,70.57829178200953,0,1
2021-05-10,196,S,0.7129707204095437,84.19154025244146,0,1
2021-05-11,196,S,4.450485175919042,45.72929459867267,0,1
2021-05-12,196,S,1.729387303689287,24.06852736379748,0,1
2021-05-13,196,S,0.7722987361166189,76.41558526578329,0,1
2021-05-14,196,S,0.1272387995287544,42.44270546273985,0,1
2021-05-15,196,S,3.229111931432421,70.41437427062192,1,1
2021-05-16,196,S,3.1845115872737164,34.35795477835891,1,1
2021-05-17,196,S,1.7030208329064584,17.31066713260054,1,1
2021-05-18,196,S,0.358559444238255,99.33236159389872,1,1
2021-05-19,196,S,2.0481444744761603,24.05813571375393,1,1
2021-05-20,196,S,1.5560874753169678,98.95788945671327,1,1
2021-05-21,196,S,3.3856031986750468,97.95519393098026,1,1
2021-05-22,196,S,3.028896247263452,81.44362935172357,1,1
2021-05-23,196,S,1.8229686409877,69.34806658737978,1,1
2021-05-24,196,S,1.0894627712749505,62.00263452259762,1,1
2021-05-25,196,S,4.940179830777959,87.94913908400513,1,1
2021-05-26,196,S,2.2700081059805743,36.04955694575391,1,1
2021-05-27,196,S,3.441371178901185,52.091309123638936,1,1
2021-05-28,196,S,0.7027648378918039,65.74509724298517,1,1
2021-05-29,196,S,2.427948498296989,47.0071428282542,1,1
2021-05-30,196,S,0.1376835993473274,48.47378086812412,1,1
2021-05-31,196,S,2.5272755895522496,39.72562007518759,1,1
2021-06-01,196,S,4.820087035588512,60.780863501608245,1,1
2021-05-01,197,S,1.921033564929001,86.55170752136044,0,0
2021-05-02,197,S,0.1949800628745579,28.13755402056816,0,0
2021-05-03,197,S,0.1547789545967176,94.09897348780972,0,0
2021-05-04,197,S,1.9399337997343475,72.01788883734068,0,0
2021-05-05,197,S,0.8001246823159702,84.09458914120272,0,0
2021-05-06,197,S,0.1167604816409295,60.05716233670105,0,0
2021-05-07,197,S,3.781068069750884,80.15650312816571,0,0
2021-05-08,197,S,2.292615044409453,11.458035760552049,0,0
2021-05-09,197,S,1.4462238598632726,83.65423823015817,0,0
2021-05-10,197,S,4.500415915082404,13.612497317682989,0,0
2021-05-11,197,S,0.580694801002628,90.09220387265762,0,0
2021-05-12,197,S,4.779594144776596,99.2766472514779,0,0
2021-05-13,197,S,1.569833586886764,36.46607159591,0,0
2021-05-14,197,S,4.442018361543406,28.92867006572143,0,0
2021-05-15,197,S,3.014714382397308,78.88270274722366,1,0
2021-05-16,197,S,4.133536798707437,32.77237068282279,1,0
2021-05-17,197,S,4.920065816052322,87.90061448549831,1,0
2021-05-18,197,S,1.4420271890937286,19.255833294172906,1,0
2021-05-19,197,S,4.805677427037965,21.335967674142243,1,0
2021-05-20,197,S,1.9474094745121016,98.1236399590554,1,0
2021-05-21,197,S,1.927559523684612,70.64550084430041,1,0
2021-05-22,197,S,1.7019355212725285,86.21985019860576,1,0
2021-05-23,197,S,2.707038036737926,39.18964396163662,1,0
2021-05-24,197,S,0.7707252158924355,70.8835374568544,1,0
2021-05-25,197,S,2.768557426790056,63.48176445777375,1,0
2021-05-26,197,S,2.70852406205002,64.28351081106523,1,0
2021-05-27,197,S,3.80950906302435,71.42792135839494,1,0
2021-05-28,197,S,4.168249809687928,61.78232558161887,1,0
2021-05-29,197,S,2.2022067515621204,48.615613237239934,1,0
2021-05-30,197,S,1.5116662467574686,34.83304249424921,1,0
2021-05-31,197,S,1.2966744865854722,79.17231978218818,1,0
2021-06-01,197,S,0.9731191835243596,30.36451870028676,1,0
